Date,Price,Open,High,Low,Volume,Change,
"Dec 31, 2015","26,117.54","25,980.86","26,147.63","25,941.91",6.38K,0.61%,
"Jan 01, 2016","26,160.90","26,101.50","26,197.27","26,008.20",6.06K,0.17%,
"Jan 04, 2016","25,623.35","26,116.52","26,116.52","25,596.57",9.44K,-2.05%,
"Jan 05, 2016","25,580.34","25,744.70","25,766.76","25,513.75",10.57K,-0.17%,
"Jan 06, 2016","25,406.33","25,628.23","25,632.57","25,357.70",13.81K,-0.68%,
"Jan 07, 2016","24,851.83","25,224.70","25,230.35","24,825.70",12.25K,-2.18%,
"Jan 08, 2016","24,934.33","24,969.02","25,083.55","24,887.22",16.42K,0.33%,
"Jan 11, 2016","24,825.04","24,787.11","24,961.88","24,598.90",10.94K,-0.44%,
"Jan 12, 2016","24,682.03","24,862.93","24,882.30","24,597.11",10.61K,-0.58%,
"Jan 13, 2016","24,854.11","24,804.64","24,956.54","24,387.69",14.36K,0.70%,
"Jan 14, 2016","24,772.97","24,606.20","25,018.46","24,473.22",15.39K,-0.33%,
"Jan 15, 2016","24,455.04","24,881.76","24,912.64","24,421.53",13.13K,-1.28%,
"Jan 18, 2016","24,188.37","24,400.78","24,524.85","24,141.99",14.04K,-1.09%,
"Jan 19, 2016","24,479.84","24,257.28","24,563.34","24,247.23",9.75K,1.21%,
"Jan 20, 2016","24,062.04","24,325.77","24,325.77","23,839.76",13.15K,-1.71%,
"Jan 21, 2016","23,962.21","24,194.75","24,351.83","23,862.00",13.59K,-0.41%,
"Jan 22, 2016","24,435.66","24,122.06","24,472.88","24,120.04",10.42K,1.98%,
"Jan 25, 2016","24,485.95","24,540.97","24,650.57","24,433.67",9.20K,0.21%,
"Jan 27, 2016","24,492.39","24,643.13","24,645.70","24,458.13",8.80K,0.03%,
"Jan 28, 2016","24,469.57","24,481.86","24,587.20","24,400.52",8.74K,-0.09%,
"Jan 29, 2016","24,870.69","24,347.31","24,911.90","24,340.06",12.75K,1.64%,
"Feb 01, 2016","24,824.83","24,982.22","25,002.32","24,788.58",10.39K,-0.18%,
"Feb 02, 2016","24,539.00","24,868.21","24,928.75","24,460.53",13.07K,-1.15%,
"Feb 03, 2016","24,223.32","24,393.59","24,409.26","24,187.54",12.62K,-1.29%,
"Feb 04, 2016","24,338.43","24,386.45","24,514.01","24,224.74",12.61K,0.48%,
"Feb 05, 2016","24,616.97","24,360.36","24,672.90","24,345.79",13.81K,1.14%,
"Feb 08, 2016","24,287.42","24,637.41","24,698.95","24,196.84",12.09K,-1.34%,
"Feb 09, 2016","24,020.98","24,076.85","24,111.19","23,919.47",11.86K,-1.10%,
"Feb 10, 2016","23,758.90","23,938.32","23,938.32","23,636.72",19.97K,-1.09%,
"Feb 11, 2016","22,951.83","23,758.46","23,758.46","22,909.12",23.89K,-3.40%,
"Feb 12, 2016","22,986.12","23,060.39","23,161.15","22,600.39",25.94K,0.15%,
"Feb 15, 2016","23,554.12","23,223.43","23,622.64","23,197.67",21.01K,2.47%,
"Feb 16, 2016","23,191.97","23,688.61","23,692.08","23,164.54",22.89K,-1.54%,
"Feb 17, 2016","23,381.87","23,237.23","23,434.91","22,920.84",17.06K,0.82%,
"Feb 18, 2016","23,649.22","23,536.47","23,735.35","23,448.21",16.19K,1.14%,
"Feb 19, 2016","23,709.15","23,640.32","23,774.48","23,508.36",11.97K,0.25%,
"Feb 22, 2016","23,788.79","23,783.47","23,855.04","23,674.86",9.85K,0.34%,
"Feb 23, 2016","23,410.18","23,850.41","23,851.51","23,361.94",17.23K,-1.59%,
"Feb 24, 2016","23,088.93","23,332.94","23,338.89","23,057.45",14.36K,-1.37%,
"Feb 25, 2016","22,976.00","23,105.16","23,142.96","22,948.10",16.37K,-0.49%,
"Feb 26, 2016","23,154.30","23,141.08","23,227.91","23,021.94",11.92K,0.78%,
"Feb 29, 2016","23,002.00","23,238.50","23,343.22","22,494.61",60.66K,-0.66%,
"Mar 01, 2016","23,779.35","23,153.32","23,821.49","23,133.18",16.17K,3.38%,
"Mar 02, 2016","24,242.98","24,044.96","24,280.42","24,043.89",23.47K,1.95%,
"Mar 03, 2016","24,606.99","24,386.67","24,640.51","24,383.28",20.06K,1.50%,
"Mar 04, 2016","24,646.48","24,704.59","24,719.05","24,531.80",17.97K,0.16%,
"Mar 08, 2016","24,659.23","24,655.19","24,793.62","24,509.21",26.79K,0.05%,
"Mar 09, 2016","24,793.96","24,527.27","24,820.76","24,451.60",12.30K,0.55%,
"Mar 10, 2016","24,623.34","24,815.70","24,817.48","24,471.39",14.81K,-0.69%,
"Mar 11, 2016","24,717.99","24,620.39","24,817.80","24,552.26",15.33K,0.38%,
"Mar 14, 2016","24,804.28","24,801.70","24,960.51","24,734.04",31.03K,0.35%,
"Mar 15, 2016","24,551.17","24,832.04","24,840.77","24,517.28",12.53K,-1.02%,
"Mar 16, 2016","24,682.48","24,537.61","24,706.85","24,354.55",11.27K,0.53%,
"Mar 17, 2016","24,677.37","24,852.18","24,948.30","24,576.52",15.14K,-0.02%,
"Mar 18, 2016","24,952.74","24,729.41","24,986.94","24,681.64",14.55K,1.12%,
"Mar 21, 2016","25,285.37","25,007.56","25,327.45","24,988.27",12.80K,1.33%,
"Mar 22, 2016","25,330.49","25,331.01","25,381.33","25,083.70",12.43K,0.18%,
"Mar 23, 2016","25,337.56","25,322.10","25,367.81","25,156.82",9.78K,0.03%,
"Mar 28, 2016","24,966.40","25,417.11","25,432.94","24,895.49",10.36K,-1.46%,
"Mar 29, 2016","24,900.46","24,957.24","25,079.35","24,835.56",11.29K,-0.26%,
"Mar 30, 2016","25,338.58","25,062.06","25,358.84","25,055.42",11.05K,1.76%,
"Mar 31, 2016","25,341.86","25,364.75","25,479.62","25,223.22",11.92K,0.01%,
"Apr 01, 2016","25,269.64","25,301.70","25,354.94","25,119.35",11.84K,-0.28%,
"Apr 04, 2016","25,399.65","25,333.98","25,424.15","25,223.49",8.04K,0.51%,
"Apr 05, 2016","24,883.59","25,372.44","25,372.44","24,837.51",15.31K,-2.03%,
"Apr 06, 2016","24,900.63","24,978.86","25,000.65","24,834.16",10.59K,0.07%,
"Apr 07, 2016","24,685.42","24,998.79","25,013.13","24,647.48",19.78K,-0.86%,
"Apr 08, 2016","24,673.84","24,665.80","24,736.03","24,608.51",10.00K,-0.05%,
"Apr 11, 2016","25,022.16","24,789.40","25,049.92","24,523.20",26.72K,1.41%,
"Apr 12, 2016","25,145.59","25,056.47","25,180.02","24,996.44",11.90K,0.49%,
"Apr 13, 2016","25,626.75","25,358.42","25,671.50","25,358.42",15.00K,1.91%,
"Apr 18, 2016","25,816.36","25,833.16","25,870.03","25,634.12",8.81K,0.74%,
"Apr 20, 2016","25,844.18","25,942.34","25,956.34","25,716.81",11.64K,0.11%,
"Apr 21, 2016","25,880.38","25,979.68","26,080.07","25,783.12",18.67K,0.14%,
"Apr 22, 2016","25,838.14","25,892.49","25,922.02","25,771.88",13.78K,-0.16%,
"Apr 25, 2016","25,678.93","25,891.03","25,891.03","25,585.93",8.49K,-0.62%,
"Apr 26, 2016","26,007.30","25,604.92","26,055.00","25,549.05",11.55K,1.28%,
"Apr 27, 2016","26,064.12","25,956.42","26,092.93","25,885.24",11.52K,0.22%,
"Apr 28, 2016","25,603.10","26,078.28","26,100.54","25,561.17",15.09K,-1.77%,
"Apr 29, 2016","25,606.62","25,612.91","25,755.43","25,424.03",15.15K,0.01%,
"May 02, 2016","25,436.97","25,565.44","25,565.44","25,341.14",7.95K,-0.66%,
"May 03, 2016","25,229.70","25,500.14","25,705.96","25,192.94",11.28K,-0.81%,
"May 04, 2016","25,101.73","25,210.87","25,245.70","25,061.04",16.32K,-0.51%,
"May 05, 2016","25,262.21","25,187.66","25,394.10","25,162.94",11.74K,0.64%,
"May 06, 2016","25,228.50","25,223.67","25,260.48","25,057.93",11.63K,-0.13%,
"May 09, 2016","25,688.86","25,321.83","25,709.68","25,302.86",12.13K,1.82%,
"May 10, 2016","25,772.53","25,682.98","25,809.93","25,614.24",10.76K,0.33%,
"May 11, 2016","25,597.02","25,548.97","25,762.49","25,409.24",9.59K,-0.68%,
"May 12, 2016","25,790.22","25,684.60","25,827.03","25,620.27",10.07K,0.75%,
"May 13, 2016","25,489.57","25,739.94","25,743.69","25,400.27",12.86K,-1.17%,
"May 16, 2016","25,653.23","25,528.80","25,688.46","25,351.62",13.30K,0.64%,
"May 17, 2016","25,773.61","25,756.14","25,927.31","25,733.76",11.77K,0.47%,
"May 18, 2016","25,704.61","25,671.48","25,747.00","25,503.40",10.09K,-0.27%,
"May 19, 2016","25,399.72","25,713.84","25,714.56","25,351.99",14.78K,-1.19%,
"May 20, 2016","25,301.90","25,428.42","25,506.06","25,251.90",13.99K,-0.39%,
"May 23, 2016","25,230.36","25,447.72","25,519.26","25,207.78",11.74K,-0.28%,
"May 24, 2016","25,305.47","25,256.97","25,340.47","25,181.47",10.99K,0.30%,
"May 25, 2016","25,881.17","25,432.10","25,897.87","25,430.59",9.77K,2.27%,
"May 26, 2016","26,366.68","26,008.25","26,398.94","25,941.51",14.34K,1.88%,
"May 27, 2016","26,653.60","26,415.93","26,677.43","26,405.28",21.42K,1.09%,
"May 30, 2016","26,725.60","26,694.75","26,794.96","26,623.33",15.33K,0.27%,
"May 31, 2016","26,667.96","26,817.75","26,837.20","26,561.58",27.32K,-0.22%,
"Jun 01, 2016","26,713.93","26,684.46","26,857.25","26,671.86",13.85K,0.17%,
"Jun 02, 2016","26,843.14","26,694.28","26,885.16","26,641.02",11.37K,0.48%,
"Jun 03, 2016","26,843.03","26,919.23","27,008.14","26,792.07",13.40K,0.00%,
"Jun 06, 2016","26,777.45","26,897.84","26,901.42","26,729.54",9.03K,-0.24%,
"Jun 07, 2016","27,009.67","26,833.54","27,082.63","26,829.53",15.26K,0.87%,
"Jun 08, 2016","27,020.66","27,085.24","27,105.41","26,973.71",12.90K,0.04%,
"Jun 09, 2016","26,763.46","26,994.48","26,994.91","26,692.35",10.37K,-0.95%,
"Jun 10, 2016","26,635.75","26,742.26","26,972.06","26,620.50",10.39K,-0.48%,
"Jun 13, 2016","26,396.77","26,468.27","26,468.27","26,262.27",9.37K,-0.90%,
"Jun 14, 2016","26,395.71","26,482.50","26,485.45","26,264.81",8.02K,0.00%,
"Jun 15, 2016","26,726.34","26,500.79","26,752.59","26,446.59",12.75K,1.25%,
"Jun 16, 2016","26,525.46","26,686.03","26,686.03","26,314.91",13.00K,-0.75%,
"Jun 17, 2016","26,625.91","26,653.85","26,730.55","26,538.51",9.59K,0.38%,
"Jun 20, 2016","26,866.92","26,497.11","26,885.49","26,447.88",9.82K,0.91%,
"Jun 21, 2016","26,812.78","26,907.42","26,925.64","26,754.60",7.20K,-0.20%,
"Jun 22, 2016","26,765.65","26,791.68","26,887.29","26,617.45",7.88K,-0.18%,
"Jun 23, 2016","27,002.22","26,753.20","27,060.98","26,736.52",9.62K,0.88%,
"Jun 24, 2016","26,397.71","26,367.48","26,435.85","25,911.33",25.20K,-2.24%,
"Jun 27, 2016","26,402.96","26,347.81","26,493.51","26,262.72",18.94K,0.02%,
"Jun 28, 2016","26,524.55","26,410.66","26,583.33","26,378.46",8.42K,0.46%,
"Jun 29, 2016","26,740.39","26,627.15","26,776.17","26,606.31",7.89K,0.81%,
"Jun 30, 2016","26,999.72","26,926.17","27,069.23","26,872.59",8.93K,0.97%,
"Jul 01, 2016","27,144.91","27,064.33","27,243.36","27,061.40",10.27K,0.54%,
"Jul 04, 2016","27,278.76","27,314.44","27,385.66","27,251.06",8.63K,0.49%,
"Jul 05, 2016","27,166.87","27,340.72","27,348.66","27,127.30",10.72K,-0.41%,
"Jul 07, 2016","27,201.49","27,209.97","27,288.22","27,146.95",9.09K,0.13%,
"Jul 08, 2016","27,126.90","27,292.20","27,294.82","27,034.14",14.29K,-0.27%,
"Jul 11, 2016","27,626.69","27,358.23","27,647.48","27,358.23",24.60K,1.84%,
"Jul 12, 2016","27,808.14","27,667.81","27,828.74","27,667.81",12.60K,0.66%,
"Jul 13, 2016","27,815.18","27,912.14","27,928.76","27,752.14",18.12K,0.03%,
"Jul 14, 2016","27,942.11","27,857.80","27,967.77","27,763.15",10.77K,0.46%,
"Jul 15, 2016","27,836.50","27,966.14","28,048.70","27,735.87",16.78K,-0.38%,
"Jul 18, 2016","27,746.66","27,920.66","28,013.50","27,697.69",21.13K,-0.32%,
"Jul 19, 2016","27,787.62","27,790.05","27,826.69","27,637.98",17.26K,0.15%,
"Jul 20, 2016","27,915.89","27,775.70","27,935.18","27,759.71",12.90K,0.46%,
"Jul 21, 2016","27,710.52","27,980.07","27,988.76","27,687.54",12.57K,-0.74%,
"Jul 22, 2016","27,803.24","27,721.72","27,832.45","27,646.21",9.78K,0.33%,
"Jul 25, 2016","28,095.34","27,753.96","28,110.37","27,736.51",15.84K,1.05%,
"Jul 26, 2016","27,976.52","28,121.37","28,149.53","27,927.13",11.41K,-0.42%,
"Jul 27, 2016","28,024.33","27,976.14","28,210.88","27,899.93",10.72K,0.17%,
"Jul 28, 2016","28,208.62","28,108.78","28,240.20","28,064.90",15.10K,0.66%,
"Jul 29, 2016","28,051.86","28,232.87","28,233.47","28,037.87",11.86K,-0.56%,
"Aug 01, 2016","28,003.12","28,083.08","28,284.85","27,873.53",14.11K,-0.17%,
"Aug 02, 2016","27,981.71","28,069.12","28,175.22","27,943.91",10.42K,-0.08%,
"Aug 03, 2016","27,697.51","28,008.52","28,015.43","27,647.14",12.24K,-1.02%,
"Aug 04, 2016","27,714.37","27,899.88","27,921.91","27,627.97",15.03K,0.06%,
"Aug 05, 2016","28,078.35","27,810.55","28,110.37","27,795.74",14.10K,1.31%,
"Aug 08, 2016","28,182.57","28,181.92","28,226.38","28,128.06",20.93K,0.37%,
"Aug 09, 2016","28,085.16","28,289.22","28,289.96","27,956.77",14.62K,-0.35%,
"Aug 10, 2016","27,774.88","28,133.36","28,143.28","27,736.62",15.89K,-1.10%,
"Aug 11, 2016","27,859.60","27,805.94","27,902.39","27,697.33",10.24K,0.31%,
"Aug 12, 2016","28,152.40","27,919.95","28,203.27","27,900.91",21.64K,1.05%,
"Aug 16, 2016","28,064.61","28,190.04","28,199.10","27,942.65",15.04K,-0.31%,
"Aug 17, 2016","28,005.37","28,061.79","28,174.30","27,960.14",12.02K,-0.21%,
"Aug 18, 2016","28,123.44","28,077.64","28,214.17","28,077.00",12.88K,0.42%,
"Aug 19, 2016","28,077.00","28,167.66","28,212.30","28,026.12",16.11K,-0.17%,
"Aug 22, 2016","27,985.54","28,088.07","28,143.28","27,918.05",13.00K,-0.33%,
"Aug 23, 2016","27,990.21","28,012.56","28,028.98","27,854.43",12.79K,0.02%,
"Aug 24, 2016","28,059.94","28,065.25","28,108.39","27,959.87",8.34K,0.25%,
"Aug 25, 2016","27,835.91","28,103.60","28,154.21","27,803.24",6.90K,-0.80%,
"Aug 26, 2016","27,782.25","27,882.75","27,935.88","27,696.99",9.44K,-0.19%,
"Aug 29, 2016","27,902.66","27,827.26","27,952.85","27,698.71",12.24K,0.43%,
"Aug 30, 2016","28,343.01","28,012.46","28,478.02","28,010.66",10.88K,1.58%,
"Aug 31, 2016","28,452.17","28,372.25","28,532.25","28,363.10",10.74K,0.39%,
"Sep 01, 2016","28,423.48","28,459.09","28,548.85","28,386.61",17.32K,-0.10%,
"Sep 02, 2016","28,532.11","28,498.72","28,581.58","28,427.63",12.38K,0.38%,
"Sep 06, 2016","28,978.02","28,631.27","29,013.40","28,631.27",18.79K,1.56%,
"Sep 07, 2016","28,926.36","29,035.67","29,067.84","28,911.31",20.40K,-0.18%,
"Sep 08, 2016","29,045.28","28,929.46","29,077.28","28,854.56",15.47K,0.41%,
"Sep 09, 2016","28,797.25","29,062.90","29,062.90","28,755.08",12.11K,-0.85%,
"Sep 12, 2016","28,353.54","28,481.09","28,481.11","28,251.31",14.11K,-1.54%,
"Sep 14, 2016","28,372.23","28,345.49","28,416.41","28,259.38",11.93K,0.07%,
"Sep 15, 2016","28,412.89","28,398.33","28,454.02","28,311.11",9.92K,0.14%,
"Sep 16, 2016","28,599.03","28,520.30","28,778.64","28,494.59",13.83K,0.66%,
"Sep 19, 2016","28,634.50","28,626.60","28,714.77","28,552.55",12.97K,0.12%,
"Sep 20, 2016","28,523.20","28,690.66","28,698.81","28,480.53",8.17K,-0.39%,
"Sep 21, 2016","28,507.42","28,554.38","28,689.36","28,462.33",12.75K,-0.06%,
"Sep 22, 2016","28,773.13","28,766.94","28,871.92","28,693.07",10.97K,0.93%,
"Sep 23, 2016","28,668.22","28,810.32","28,825.09","28,627.38",13.74K,-0.36%,
"Sep 26, 2016","28,294.28","28,630.92","28,630.92","28,272.03",17.07K,-1.30%,
"Sep 27, 2016","28,223.70","28,373.02","28,432.74","28,179.34",9.09K,-0.25%,
"Sep 28, 2016","28,292.81","28,198.88","28,378.56","28,198.30",11.09K,0.24%,
"Sep 29, 2016","27,827.53","28,423.14","28,475.57","27,719.92",14.02K,-1.64%,
"Sep 30, 2016","27,865.96","27,807.82","27,955.21","27,716.78",10.76K,0.14%,
"Oct 03, 2016","28,243.29","27,997.29","28,273.02","27,919.89",11.25K,1.35%,
"Oct 04, 2016","28,334.55","28,377.64","28,404.70","28,242.25",18.92K,0.32%,
"Oct 05, 2016","28,220.98","28,425.74","28,477.65","28,188.90",11.64K,-0.40%,
"Oct 06, 2016","28,106.21","28,298.35","28,328.56","28,031.22",9.43K,-0.41%,
"Oct 07, 2016","28,061.14","28,129.22","28,155.68","27,964.91",13.08K,-0.16%,
"Oct 10, 2016","28,082.34","28,144.28","28,216.64","28,068.32",7.13K,0.08%,
"Oct 13, 2016","27,643.11","28,042.62","28,042.62","27,563.84",12.30K,-1.56%,
"Oct 14, 2016","27,673.60","27,712.22","27,763.54","27,548.18",14.42K,0.11%,
"Oct 17, 2016","27,529.97","27,776.14","27,803.21","27,488.30",17.58K,-0.52%,
"Oct 18, 2016","28,050.88","27,656.89","28,064.39","27,652.76",16.16K,1.89%,
"Oct 19, 2016","27,984.37","28,112.36","28,131.07","27,926.17",15.74K,-0.24%,
"Oct 20, 2016","28,129.84","28,031.57","28,212.50","28,031.57",11.61K,0.52%,
"Oct 21, 2016","28,077.18","28,163.41","28,163.41","27,957.92",8.78K,-0.19%,
"Oct 24, 2016","28,179.08","28,156.59","28,256.65","28,075.95",15.55K,0.36%,
"Oct 25, 2016","28,091.42","28,159.09","28,211.41","28,013.69",11.26K,-0.31%,
"Oct 26, 2016","27,836.51","28,050.55","28,050.55","27,759.56",14.53K,-0.91%,
"Oct 27, 2016","27,915.90","27,808.63","27,958.13","27,665.60",13.96K,0.29%,
"Oct 28, 2016","27,941.51","27,983.14","28,000.14","27,789.84",11.74K,0.09%,
"Oct 30, 2016","27,930.21","28,066.32","28,095.71","27,890.14",0.11K,-0.04%,
"Nov 01, 2016","27,876.61","27,966.18","28,029.80","27,845.63",10.40K,-0.19%,
"Nov 02, 2016","27,527.22","27,679.32","27,679.32","27,500.81",13.43K,-1.25%,
"Nov 03, 2016","27,430.28","27,518.06","27,600.74","27,399.26",11.10K,-0.35%,
"Nov 04, 2016","27,274.15","27,465.55","27,498.91","27,193.61",25.07K,-0.57%,
"Nov 07, 2016","27,458.99","27,552.27","27,591.15","27,274.15",11.61K,0.68%,
"Nov 08, 2016","27,591.14","27,537.26","27,646.84","27,406.76",10.48K,0.48%,
"Nov 09, 2016","27,252.53","26,251.38","27,397.38","25,902.45",21.80K,-1.23%,
"Nov 10, 2016","27,517.68","27,605.05","27,743.46","27,252.53",17.12K,0.97%,
"Nov 11, 2016","26,818.82","27,344.85","27,344.85","26,777.18",17.61K,-2.54%,
"Nov 15, 2016","26,304.63","26,809.61","26,809.61","26,253.63",16.86K,-1.92%,
"Nov 16, 2016","26,298.69","26,508.94","26,621.40","26,239.21",14.60K,-0.02%,
"Nov 17, 2016","26,227.62","26,304.90","26,449.87","26,155.40",11.32K,-0.27%,
"Nov 18, 2016","26,150.24","26,270.20","26,349.02","26,106.78",9.89K,-0.30%,
"Nov 21, 2016","25,765.14","26,246.70","26,270.28","25,717.93",10.24K,-1.47%,
"Nov 22, 2016","25,960.78","25,928.16","26,039.70","25,765.51",8.34K,0.76%,
"Nov 23, 2016","26,051.81","26,101.33","26,130.49","25,877.16",9.19K,0.35%,
"Nov 24, 2016","25,860.17","26,049.14","26,049.14","25,810.97",8.88K,-0.74%,
"Nov 25, 2016","26,316.34","25,953.24","26,343.95","25,874.45",11.89K,1.76%,
"Nov 28, 2016","26,350.17","26,303.52","26,413.99","26,183.22",11.20K,0.13%,
"Nov 29, 2016","26,394.01","26,408.62","26,587.07","26,354.66",9.89K,0.17%,
"Nov 30, 2016","26,652.81","26,441.02","26,680.55","26,395.50",8.04K,0.98%,
"Dec 01, 2016","26,559.92","26,756.66","26,769.32","26,540.82",11.55K,-0.35%,
"Dec 02, 2016","26,230.66","26,437.37","26,463.06","26,182.93",9.88K,-1.24%,
"Dec 05, 2016","26,349.10","26,253.48","26,390.80","26,125.35",13.18K,0.45%,
"Dec 06, 2016","26,392.76","26,403.62","26,502.43","26,356.02",7.75K,0.17%,
"Dec 07, 2016","26,236.87","26,456.21","26,540.83","26,164.82",10.82K,-0.59%,
"Dec 08, 2016","26,694.28","26,366.52","26,733.87","26,357.35",8.48K,1.74%,
"Dec 09, 2016","26,747.18","26,787.14","26,803.76","26,707.81",10.12K,0.20%,
"Dec 12, 2016","26,515.24","26,725.31","26,725.31","26,468.59",8.79K,-0.87%,
"Dec 13, 2016","26,697.82","26,607.65","26,724.97","26,494.23",7.16K,0.69%,
"Dec 14, 2016","26,602.84","26,707.91","26,736.34","26,547.05",10.17K,-0.36%,
"Dec 15, 2016","26,519.07","26,497.71","26,737.86","26,407.58",13.07K,-0.31%,
"Dec 16, 2016","26,489.56","26,548.67","26,594.55","26,455.21",7.80K,-0.11%,
"Dec 19, 2016","26,374.70","26,505.66","26,505.66","26,340.38",7.61K,-0.43%,
"Dec 20, 2016","26,307.98","26,374.59","26,435.56","26,241.43",7.46K,-0.25%,
"Dec 21, 2016","26,242.38","26,368.88","26,396.00","26,213.51",6.29K,-0.25%,
"Dec 22, 2016","25,979.60","26,224.07","26,248.45","25,940.14",7.78K,-1.00%,
"Dec 23, 2016","26,040.70","25,959.99","26,143.19","25,872.38",7.69K,0.24%,
"Dec 26, 2016","25,807.10","25,992.41","26,008.57","25,753.74",5.64K,-0.90%,
"Dec 27, 2016","26,213.44","25,815.43","26,249.03","25,803.19",9.05K,1.57%,
"Dec 28, 2016","26,210.68","26,243.19","26,415.05","26,191.72",8.77K,-0.01%,
"Dec 29, 2016","26,366.15","26,429.41","26,429.63","26,166.67",6.93K,0.59%,
"Dec 30, 2016","26,626.46","26,441.51","26,678.60","26,406.53",8.91K,0.99%,
"Jan 02, 2017","26,595.45","26,711.15","26,720.98","26,447.06",8.20K,-0.12%,
"Jan 03, 2017","26,643.24","26,616.92","26,724.40","26,488.37",10.11K,0.18%,
"Jan 04, 2017","26,633.13","26,677.22","26,723.37","26,606.06",8.34K,-0.04%,
"Jan 05, 2017","26,878.24","26,738.42","26,917.21","26,738.42",10.08K,0.92%,
"Jan 06, 2017","26,759.23","26,929.69","27,009.61","26,733.33",7.96K,-0.44%,
"Jan 09, 2017","26,726.55","26,860.81","26,860.88","26,701.18",6.64K,-0.12%,
"Jan 10, 2017","26,899.56","26,811.63","26,914.95","26,804.17",8.93K,0.65%,
"Jan 11, 2017","27,140.41","26,978.44","27,174.87","26,978.44",12.36K,0.90%,
"Jan 12, 2017","27,247.16","27,171.66","27,278.93","27,166.69",12.05K,0.39%,
"Jan 13, 2017","27,238.06","27,378.01","27,459.75","27,143.07",10.53K,-0.03%,
"Jan 16, 2017","27,288.17","27,238.35","27,335.08","27,172.68",13.02K,0.18%,
"Jan 17, 2017","27,235.66","27,331.82","27,381.43","27,179.19",8.39K,-0.19%,
"Jan 18, 2017","27,257.64","27,261.76","27,422.67","27,217.65",9.82K,0.08%,
"Jan 19, 2017","27,308.60","27,253.34","27,348.19","27,219.89",11.15K,0.19%,
"Jan 20, 2017","27,034.50","27,232.69","27,264.41","27,009.81",9.05K,-1.00%,
"Jan 23, 2017","27,117.34","26,990.93","27,167.79","26,963.58",6.77K,0.31%,
"Jan 24, 2017","27,375.58","27,170.88","27,393.35","27,140.85",6.95K,0.95%,
"Jan 25, 2017","27,708.14","27,462.83","27,736.83","27,439.68",12.56K,1.21%,
"Jan 27, 2017","27,882.46","27,761.03","27,980.39","27,759.48",14.67K,0.63%,
"Jan 30, 2017","27,849.56","27,866.80","27,947.37","27,813.32",8.94K,-0.12%,
"Jan 31, 2017","27,655.96","27,867.92","27,867.92","27,624.54",10.95K,-0.70%,
"Feb 01, 2017","28,141.64","27,669.08","28,159.54","27,590.10",18.85K,1.76%,
"Feb 02, 2017","28,226.61","28,167.83","28,299.92","28,070.81",17.75K,0.30%,
"Feb 03, 2017","28,240.52","28,270.67","28,280.58","28,127.18",11.10K,0.05%,
"Feb 06, 2017","28,439.28","28,340.39","28,487.28","28,340.39",10.33K,0.70%,
"Feb 07, 2017","28,335.16","28,443.23","28,483.41","28,239.12",11.13K,-0.37%,
"Feb 08, 2017","28,289.92","28,386.08","28,391.64","28,149.08",11.23K,-0.16%,
"Feb 09, 2017","28,329.70","28,349.22","28,469.48","28,152.18",10.51K,0.14%,
"Feb 10, 2017","28,334.25","28,367.17","28,456.18","28,286.80",14.14K,0.02%,
"Feb 13, 2017","28,351.62","28,450.42","28,458.80","28,197.38",9.65K,0.06%,
"Feb 14, 2017","28,339.31","28,386.12","28,393.42","28,263.45",12.08K,-0.04%,
"Feb 15, 2017","28,155.56","28,270.11","28,382.32","28,102.23",18.41K,-0.65%,
"Feb 16, 2017","28,301.27","28,223.85","28,327.84","28,146.19",9.98K,0.52%,
"Feb 17, 2017","28,468.75","28,670.43","28,726.26","28,410.91",15.53K,0.59%,
"Feb 20, 2017","28,661.58","28,481.91","28,696.53","28,419.27",9.25K,0.68%,
"Feb 21, 2017","28,761.59","28,716.70","28,801.00","28,597.33",8.69K,0.35%,
"Feb 22, 2017","28,864.71","28,822.40","28,963.52","28,789.30",16.80K,0.36%,
"Feb 23, 2017","28,892.97","28,927.67","29,065.31","28,860.46",18.97K,0.10%,
"Feb 27, 2017","28,812.88","28,910.50","28,961.83","28,791.19",12.41K,-0.28%,
"Feb 28, 2017","28,743.32","28,825.19","28,876.54","28,721.12",11.01K,-0.24%,
"Mar 01, 2017","28,984.49","28,849.04","29,029.17","28,824.17",15.04K,0.84%,
"Mar 02, 2017","28,839.79","29,117.38","29,145.62","28,784.31",11.12K,-0.50%,
"Mar 03, 2017","28,832.45","28,827.50","28,860.13","28,716.21",9.60K,-0.03%,
"Mar 06, 2017","29,048.19","28,859.21","29,070.20","28,856.12",12.51K,0.75%,
"Mar 07, 2017","28,999.56","29,092.16","29,098.17","28,957.68",10.01K,-0.17%,
"Mar 08, 2017","28,901.94","29,021.06","29,022.32","28,815.48",16.81K,-0.34%,
"Mar 09, 2017","28,929.13","28,909.70","28,986.72","28,815.02",413.87K,0.09%,
"Mar 10, 2017","28,946.23","29,006.00","29,076.63","28,851.04",16.37K,0.06%,
"Mar 14, 2017","29,442.63","29,437.23","29,561.93","29,356.05",30.08K,1.71%,
"Mar 15, 2017","29,398.11","29,452.86","29,500.08","29,358.91",404.58K,-0.15%,
"Mar 16, 2017","29,585.85","29,482.83","29,614.79","29,482.83",18.96K,0.64%,
"Mar 17, 2017","29,648.99","29,755.74","29,824.62","29,601.86",14.85K,0.21%,
"Mar 20, 2017","29,518.74","29,653.54","29,699.48","29,482.40",413.18K,-0.44%,
"Mar 21, 2017","29,485.45","29,525.88","29,585.05","29,380.14",11.90K,-0.11%,
"Mar 22, 2017","29,167.68","29,341.41","29,341.41","29,137.48",15.20K,-1.08%,
"Mar 23, 2017","29,332.16","29,201.01","29,373.79","29,198.08",26.84K,0.56%,
"Mar 24, 2017","29,421.40","29,350.60","29,539.85","29,350.17",21.66K,0.30%,
"Mar 27, 2017","29,237.15","29,395.68","29,420.70","29,163.54",15.55K,-0.63%,
"Mar 28, 2017","29,409.52","29,301.22","29,442.18","29,301.22",34.53K,0.59%,
"Mar 29, 2017","29,531.43","29,463.01","29,554.39","29,439.42",42.90K,0.41%,
"Mar 30, 2017","29,647.42","29,538.03","29,684.54","29,521.65",16.23K,0.39%,
"Mar 31, 2017","29,620.50","29,633.91","29,687.64","29,552.61",12.16K,-0.09%,
"Apr 03, 2017","29,910.22","29,737.73","29,926.94","29,705.72",10.45K,0.98%,
"Apr 05, 2017","29,974.24","29,996.03","30,007.48","29,817.69",11.51K,0.21%,
"Apr 06, 2017","29,927.34","29,946.89","29,954.25","29,817.59",11.73K,-0.16%,
"Apr 07, 2017","29,706.61","29,850.71","29,886.12","29,668.45",15.19K,-0.74%,
"Apr 10, 2017","29,575.74","29,752.62","29,831.32","29,553.04",10.98K,-0.44%,
"Apr 11, 2017","29,788.35","29,630.06","29,804.51","29,570.58",11.07K,0.72%,
"Apr 12, 2017","29,643.48","29,838.82","29,838.82","29,549.74",8.83K,-0.49%,
"Apr 13, 2017","29,461.45","29,637.12","29,660.48","29,442.26",11.01K,-0.61%,
"Apr 17, 2017","29,413.66","29,470.27","29,494.08","29,363.28",6.86K,-0.16%,
"Apr 18, 2017","29,319.10","29,487.78","29,701.19","29,286.38",12.49K,-0.32%,
"Apr 19, 2017","29,336.57","29,369.90","29,388.25","29,241.48",11.99K,0.06%,
"Apr 20, 2017","29,422.39","29,358.59","29,453.06","29,341.68",15.10K,0.29%,
"Apr 21, 2017","29,365.30","29,575.66","29,584.34","29,259.42",11.71K,-0.19%,
"Apr 24, 2017","29,655.84","29,407.68","29,681.33","29,392.99",9.17K,0.99%,
"Apr 25, 2017","29,943.24","29,825.14","29,961.82","29,780.84",8.94K,0.97%,
"Apr 26, 2017","30,133.35","30,030.20","30,167.09","29,968.57",11.17K,0.63%,
"Apr 27, 2017","30,029.74","30,141.39","30,184.22","29,973.40",11.00K,-0.34%,
"Apr 28, 2017","29,918.40","30,064.60","30,067.64","29,848.21",11.68K,-0.37%,
"May 02, 2017","29,921.18","30,021.49","30,069.24","29,804.12",12.09K,0.01%,
"May 03, 2017","29,894.80","29,984.95","30,020.59","29,846.57",11.63K,-0.09%,
"May 04, 2017","30,126.21","30,069.72","30,169.95","30,007.40",22.96K,0.77%,
"May 05, 2017","29,858.80","30,142.14","30,176.55","29,823.60",16.41K,-0.89%,
"May 08, 2017","29,926.15","29,915.12","30,016.04","29,877.41",10.26K,0.23%,
"May 09, 2017","29,933.25","29,977.50","30,017.82","29,911.44",8.72K,0.02%,
"May 10, 2017","30,248.17","29,988.78","30,271.60","29,987.44",11.35K,1.05%,
"May 11, 2017","30,250.98","30,309.71","30,366.43","30,207.11",11.04K,0.01%,
"May 12, 2017","30,188.15","30,285.61","30,299.74","30,111.45",11.38K,-0.21%,
"May 15, 2017","30,322.12","30,287.37","30,357.96","30,273.62",8.22K,0.44%,
"May 16, 2017","30,582.60","30,391.48","30,591.55","30,363.37",14.04K,0.86%,
"May 17, 2017","30,658.77","30,616.53","30,692.45","30,519.14",15.41K,0.25%,
"May 18, 2017","30,434.79","30,466.82","30,575.83","30,393.72",16.67K,-0.73%,
"May 19, 2017","30,464.92","30,539.65","30,712.35","30,338.52",14.20K,0.10%,
"May 22, 2017","30,570.97","30,638.88","30,712.15","30,516.87",11.82K,0.35%,
"May 23, 2017","30,365.25","30,553.89","30,610.64","30,316.92",19.27K,-0.67%,
"May 24, 2017","30,301.64","30,446.77","30,534.15","30,247.60",11.74K,-0.21%,
"May 25, 2017","30,750.03","30,374.81","30,793.43","30,352.26",10.30K,1.48%,
"May 26, 2017","31,028.21","30,765.77","31,074.07","30,745.57",15.14K,0.90%,
"May 29, 2017","31,109.28","30,944.38","31,214.39","30,869.90",15.36K,0.26%,
"May 30, 2017","31,159.40","31,111.73","31,220.38","31,064.04",9.93K,0.16%,
"May 31, 2017","31,145.80","31,222.51","31,255.28","31,107.48",13.44K,-0.04%,
"Jun 01, 2017","31,137.59","31,117.09","31,213.12","31,062.02",8.61K,-0.03%,
"Jun 02, 2017","31,273.29","31,205.37","31,332.56","31,190.40",8.76K,0.44%,
"Jun 05, 2017","31,309.49","31,274.74","31,355.42","31,198.22",9.31K,0.12%,
"Jun 06, 2017","31,190.56","31,420.85","31,430.32","31,172.55",14.00K,-0.38%,
"Jun 07, 2017","31,271.28","31,252.71","31,346.99","31,172.98",9.83K,0.26%,
"Jun 08, 2017","31,213.36","31,316.91","31,354.51","31,193.77",14.43K,-0.19%,
"Jun 09, 2017","31,262.06","31,196.86","31,289.99","31,087.28",10.08K,0.16%,
"Jun 12, 2017","31,095.70","31,225.43","31,225.43","31,044.28",6.95K,-0.53%,
"Jun 13, 2017","31,103.49","31,091.10","31,260.77","31,062.34",13.72K,0.03%,
"Jun 14, 2017","31,155.91","31,147.69","31,190.36","31,054.94",13.11K,0.17%,
"Jun 15, 2017","31,075.73","31,222.89","31,229.44","31,026.48",13.06K,-0.26%,
"Jun 16, 2017","31,056.40","31,160.47","31,182.73","31,017.18",13.65K,-0.06%,
"Jun 19, 2017","31,311.57","31,168.98","31,362.15","31,163.35",7.66K,0.82%,
"Jun 20, 2017","31,297.53","31,392.53","31,392.53","31,261.49",8.25K,-0.04%,
"Jun 21, 2017","31,283.64","31,302.18","31,336.44","31,193.61",36.84K,-0.04%,
"Jun 22, 2017","31,290.74","31,351.53","31,522.87","31,255.63",10.47K,0.02%,
"Jun 23, 2017","31,138.21","31,352.57","31,365.39","31,110.39",92.47K,-0.49%,
"Jun 27, 2017","30,958.25","31,194.68","31,294.96","30,847.08",15.80K,-0.58%,
"Jun 28, 2017","30,834.32","30,988.87","31,000.48","30,798.70",10.24K,-0.40%,
"Jun 29, 2017","30,857.52","30,910.97","31,097.92","30,794.61",12.70K,0.08%,
"Jun 30, 2017","30,921.61","30,824.97","30,965.45","30,680.66",9.47K,0.21%,
"Jul 03, 2017","31,221.62","31,156.04","31,258.33","31,017.11",8.27K,0.97%,
"Jul 04, 2017","31,209.79","31,331.21","31,353.46","31,166.37",9.02K,-0.04%,
"Jul 05, 2017","31,245.56","31,272.72","31,284.64","31,177.78",6.65K,0.11%,
"Jul 06, 2017","31,369.34","31,298.42","31,460.70","31,264.86",10.35K,0.40%,
"Jul 07, 2017","31,360.63","31,373.52","31,426.29","31,286.62",6.42K,-0.03%,
"Jul 10, 2017","31,715.64","31,510.62","31,768.39","31,471.41",39.12K,1.13%,
"Jul 11, 2017","31,747.09","31,789.50","31,885.11","31,718.48",9.41K,0.10%,
"Jul 12, 2017","31,804.82","31,813.24","31,865.69","31,731.43",8.65K,0.18%,
"Jul 13, 2017","32,037.38","31,896.23","32,091.52","31,892.63",10.84K,0.73%,
"Jul 14, 2017","32,020.75","32,099.93","32,109.75","31,897.87",7.40K,-0.05%,
"Jul 17, 2017","32,074.78","32,053.98","32,131.92","32,037.21",10.64K,0.17%,
"Jul 18, 2017","31,710.99","31,775.54","31,911.61","31,626.44",22.31K,-1.13%,
"Jul 19, 2017","31,955.35","31,882.80","31,978.89","31,793.72",11.73K,0.77%,
"Jul 20, 2017","31,904.40","32,033.82","32,057.12","31,859.50",11.51K,-0.16%,
"Jul 21, 2017","32,028.89","32,035.88","32,062.23","31,808.93",18.56K,0.39%,
"Jul 24, 2017","32,245.87","32,100.22","32,320.86","32,058.33",11.90K,0.68%,
"Jul 25, 2017","32,228.27","32,350.71","32,374.30","32,196.86",14.53K,-0.05%,
"Jul 26, 2017","32,382.46","32,255.99","32,413.63","32,226.08",12.84K,0.48%,
"Jul 27, 2017","32,383.30","32,519.44","32,672.66","32,325.33",11.21K,0.00%,
"Jul 28, 2017","32,309.88","32,381.36","32,381.36","32,104.66",11.62K,-0.23%,
"Jul 31, 2017","32,514.94","32,412.20","32,546.50","32,324.45",13.48K,0.63%,
"Aug 01, 2017","32,575.17","32,579.80","32,632.02","32,462.25",9.28K,0.19%,
"Aug 02, 2017","32,476.74","32,641.58","32,686.48","32,394.89",10.77K,-0.30%,
"Aug 03, 2017","32,237.88","32,502.55","32,502.55","32,194.58",12.96K,-0.74%,
"Aug 04, 2017","32,325.41","32,191.12","32,352.19","32,107.99",11.61K,0.27%,
"Aug 07, 2017","32,273.67","32,377.80","32,396.14","32,235.82",10.69K,-0.16%,
"Aug 08, 2017","32,014.19","32,341.05","32,354.77","31,915.20",9.65K,-0.80%,
"Aug 09, 2017","31,797.84","31,926.14","31,967.28","31,731.91",9.63K,-0.68%,
"Aug 10, 2017","31,531.33","31,750.73","31,756.27","31,422.80",13.41K,-0.84%,
"Aug 11, 2017","31,213.59","31,355.92","31,379.20","31,128.02",15.66K,-1.01%,
"Aug 14, 2017","31,449.03","31,299.52","31,526.40","31,298.90",9.95K,0.75%,
"Aug 16, 2017","31,770.89","31,566.24","31,805.99","31,399.35",12.91K,1.02%,
"Aug 17, 2017","31,795.46","31,919.17","31,937.51","31,714.10",8.83K,0.08%,
"Aug 18, 2017","31,524.68","31,729.88","31,729.88","31,349.13",16.88K,-0.85%,
"Aug 21, 2017","31,258.85","31,609.93","31,641.81","31,220.53",24.33K,-0.84%,
"Aug 22, 2017","31,291.85","31,393.93","31,484.28","31,241.50",11.14K,0.11%,
"Aug 23, 2017","31,568.01","31,407.47","31,593.39","31,379.25",10.28K,0.88%,
"Aug 24, 2017","31,596.06","31,673.44","31,678.19","31,546.05",9.22K,0.09%,
"Aug 28, 2017","31,750.82","31,756.87","31,809.70","31,701.67",10.45K,0.49%,
"Aug 29, 2017","31,388.39","31,724.84","31,739.80","31,360.81",6.99K,-1.14%,
"Aug 30, 2017","31,646.46","31,534.57","31,727.98","31,533.02",5.57K,0.82%,
"Aug 31, 2017","31,730.49","31,685.44","31,757.18","31,551.85",18.50K,0.27%,
"Sep 01, 2017","31,892.23","31,769.34","31,944.10","31,707.27",6.77K,0.51%,
"Sep 04, 2017","31,702.25","31,932.20","31,932.20","31,560.32",7.80K,-0.60%,
"Sep 05, 2017","31,809.55","31,755.16","31,863.47","31,674.23",8.22K,0.34%,
"Sep 06, 2017","31,661.97","31,713.50","31,727.85","31,586.53",7.55K,-0.46%,
"Sep 07, 2017","31,662.74","31,738.74","31,814.96","31,620.44",10.50K,0.00%,
"Sep 08, 2017","31,687.52","31,694.15","31,763.70","31,619.00",8.00K,0.08%,
"Sep 11, 2017","31,882.16","31,798.31","31,952.87","31,797.89",9.05K,0.61%,
"Sep 12, 2017","32,158.66","32,029.15","32,172.46","31,950.24",7.20K,0.87%,
"Sep 13, 2017","32,186.41","32,188.95","32,348.30","32,126.77",9.16K,0.09%,
"Sep 14, 2017","32,241.93","32,289.26","32,328.61","32,186.84",9.42K,0.17%,
"Sep 15, 2017","32,272.61","32,207.63","32,356.11","32,138.38",9.23K,0.10%,
"Sep 18, 2017","32,423.76","32,361.37","32,508.06","32,361.25",9.83K,0.47%,
"Sep 19, 2017","32,402.37","32,522.44","32,524.11","32,358.63",59.19K,-0.07%,
"Sep 20, 2017","32,400.51","32,467.10","32,499.88","32,383.82",10.76K,-0.01%,
"Sep 21, 2017","32,370.04","32,406.42","32,462.61","32,164.42",9.02K,-0.09%,
"Sep 22, 2017","31,922.44","32,339.50","32,342.81","31,886.09",9.90K,-1.38%,
"Sep 25, 2017","31,626.63","31,986.40","32,016.52","31,474.56",12.59K,-0.93%,
"Sep 26, 2017","31,599.76","31,685.81","31,693.59","31,455.65",10.29K,-0.08%,
"Sep 27, 2017","31,159.81","31,785.24","31,797.46","31,100.80",10.13K,-1.39%,
"Sep 28, 2017","31,282.48","31,216.36","31,340.91","31,081.83",8.56K,0.39%,
"Sep 29, 2017","31,283.72","31,367.25","31,523.87","31,243.71",7.91K,0.00%,
"Oct 03, 2017","31,497.38","31,537.81","31,615.28","31,440.48",7.30K,0.68%,
"Oct 04, 2017","31,671.71","31,522.17","31,752.16","31,457.78",6.12K,0.55%,
"Oct 05, 2017","31,592.03","31,725.85","31,772.41","31,562.25",6.14K,-0.25%,
"Oct 06, 2017","31,814.22","31,633.34","31,844.28","31,632.81",8.59K,0.70%,
"Oct 09, 2017","31,846.89","31,862.20","31,935.63","31,781.75",6.05K,0.10%,
"Oct 10, 2017","31,924.41","31,910.82","31,994.77","31,896.90",7.37K,0.24%,
"Oct 11, 2017","31,833.99","31,975.59","32,098.46","31,769.40",8.87K,-0.28%,
"Oct 12, 2017","32,182.22","31,887.47","32,209.03","31,813.67",8.02K,1.09%,
"Oct 13, 2017","32,432.69","32,247.74","32,508.59","32,247.74",15.97K,0.78%,
"Oct 16, 2017","32,633.64","32,488.23","32,687.32","32,445.43",9.46K,0.62%,
"Oct 17, 2017","32,609.16","32,654.41","32,699.86","32,556.74",5.74K,-0.08%,
"Oct 18, 2017","32,584.35","32,518.56","32,670.32","32,462.85",14.50K,-0.08%,
"Oct 19, 2017","32,572.93","32,656.75","32,663.06","32,533.89",0.23K,-0.04%,
"Oct 23, 2017","32,506.72","32,411.86","32,614.89","32,312.74",8.65K,-0.20%,
"Oct 24, 2017","32,607.34","32,619.26","32,670.37","32,502.08",8.74K,0.31%,
"Oct 25, 2017","33,042.50","32,995.28","33,117.33","32,804.60",30.82K,1.33%,
"Oct 26, 2017","33,147.13","33,025.17","33,196.17","32,835.06",16.01K,0.32%,
"Oct 27, 2017","33,157.22","33,228.32","33,286.51","33,109.41",18.92K,0.03%,
"Oct 30, 2017","33,266.16","33,260.10","33,340.17","33,206.93",14.42K,0.33%,
"Oct 31, 2017","33,213.13","33,254.93","33,294.30","33,164.28",11.91K,-0.16%,
"Nov 01, 2017","33,600.27","33,344.23","33,651.52","33,340.62",14.63K,1.17%,
"Nov 02, 2017","33,573.22","33,615.84","33,657.57","33,527.00",12.84K,-0.08%,
"Nov 03, 2017","33,685.56","33,667.34","33,733.71","33,531.94",205.90K,0.33%,
"Nov 06, 2017","33,731.19","33,710.15","33,848.42","33,582.38",13.53K,0.14%,
"Nov 07, 2017","33,370.76","33,781.01","33,865.95","33,341.82",16.77K,-1.07%,
"Nov 08, 2017","33,218.81","33,417.35","33,484.70","33,157.68",291.82K,-0.46%,
"Nov 09, 2017","33,250.93","33,376.62","33,463.80","33,111.54",14.49K,0.10%,
"Nov 10, 2017","33,314.56","33,235.75","33,380.42","33,108.09",21.92K,0.19%,
"Nov 13, 2017","33,033.56","33,397.41","33,417.30","32,999.98",18.83K,-0.84%,
"Nov 14, 2017","32,941.87","32,990.03","33,126.55","32,907.11",12.43K,-0.28%,
"Nov 15, 2017","32,760.44","32,944.94","32,944.94","32,683.59",11.55K,-0.55%,
"Nov 16, 2017","33,106.82","32,829.82","33,165.15","32,829.82",9.91K,1.06%,
"Nov 17, 2017","33,342.80","33,388.47","33,520.82","33,278.91",11.55K,0.71%,
"Nov 20, 2017","33,359.90","33,365.84","33,449.53","33,288.21",8.06K,0.05%,
"Nov 21, 2017","33,478.35","33,438.28","33,625.05","33,437.61",15.31K,0.36%,
"Nov 22, 2017","33,561.55","33,569.07","33,654.53","33,465.23",13.54K,0.25%,
"Nov 23, 2017","33,588.08","33,575.91","33,670.19","33,468.30",7.25K,0.08%,
"Nov 24, 2017","33,679.24","33,670.00","33,738.53","33,639.98",7.97K,0.27%,
"Nov 27, 2017","33,724.44","33,640.51","33,745.17","33,540.46",9.16K,0.13%,
"Nov 28, 2017","33,618.59","33,726.65","33,770.15","33,576.65",8.26K,-0.31%,
"Nov 29, 2017","33,602.76","33,664.27","33,728.81","33,553.12",6.82K,-0.05%,
"Nov 30, 2017","33,149.35","33,542.50","33,576.20","33,108.72",7.64K,-1.35%,
"Dec 01, 2017","32,832.94","33,247.66","33,300.81","32,797.78",9.52K,-0.95%,
"Dec 04, 2017","32,869.72","32,968.02","33,008.47","32,785.76",9.91K,0.11%,
"Dec 05, 2017","32,802.44","32,814.03","32,893.05","32,682.52",8.88K,-0.20%,
"Dec 06, 2017","32,597.18","32,798.50","32,804.75","32,565.16",9.91K,-0.63%,
"Dec 07, 2017","32,949.21","32,615.05","32,992.45","32,598.12",9.79K,1.08%,
"Dec 08, 2017","33,250.30","33,034.20","33,285.68","33,034.20",14.60K,0.91%,
"Dec 11, 2017","33,455.79","33,317.72","33,535.97","33,313.17",12.44K,0.62%,
"Dec 12, 2017","33,227.99","33,426.59","33,458.41","33,179.75",8.46K,-0.68%,
"Dec 13, 2017","33,053.04","33,229.73","33,404.26","32,988.82",25.29K,-0.53%,
"Dec 14, 2017","33,246.70","33,114.69","33,321.52","32,886.93",11.53K,0.59%,
"Dec 15, 2017","33,462.97","33,456.02","33,621.96","33,405.82",24.90K,0.65%,
"Dec 18, 2017","33,601.68","33,364.52","33,801.90","32,595.63",21.79K,0.41%,
"Dec 19, 2017","33,836.74","33,732.08","33,862.07","33,666.62",21.23K,0.70%,
"Dec 20, 2017","33,777.38","33,928.59","33,956.31","33,754.94",7.31K,-0.18%,
"Dec 21, 2017","33,756.28","33,826.25","33,860.99","33,707.80",10.23K,-0.06%,
"Dec 22, 2017","33,940.30","33,768.47","33,964.28","33,767.73",7.97K,0.55%,
"Dec 26, 2017","34,010.61","33,980.76","34,061.88","33,889.75",13.31K,0.21%,
"Dec 27, 2017","33,911.81","34,087.32","34,137.97","33,839.51",11.17K,-0.29%,
"Dec 28, 2017","33,848.03","33,928.86","34,023.65","33,752.03",9.81K,-0.19%,
"Dec 29, 2017","34,056.83","33,889.39","34,086.05","33,889.39",12.46K,0.62%,
"Jan 01, 2018","33,812.75","34,059.99","34,101.13","33,766.15",7.74K,-0.72%,
"Jan 02, 2018","33,812.26","33,913.55","33,964.14","33,703.37",10.95K,0.00%,
"Jan 03, 2018","33,793.38","33,929.61","33,998.37","33,765.43",9.33K,-0.06%,
"Jan 04, 2018","33,969.64","33,912.49","33,995.40","33,802.13",10.82K,0.52%,
"Jan 05, 2018","34,153.85","34,021.27","34,188.85","34,020.84",15.20K,0.54%,
"Jan 08, 2018","34,352.79","34,216.33","34,385.67","34,216.33",13.90K,0.58%,
"Jan 09, 2018","34,443.19","34,431.61","34,488.03","34,343.41",11.48K,0.26%,
"Jan 10, 2018","34,433.07","34,538.78","34,565.63","34,311.63",8.75K,-0.03%,
"Jan 11, 2018","34,503.49","34,471.48","34,558.88","34,400.61",8.25K,0.20%,
"Jan 12, 2018","34,592.39","34,578.99","34,638.42","34,342.16",8.02K,0.26%,
"Jan 15, 2018","34,843.51","34,687.21","34,963.69","34,687.21",15.00K,0.73%,
"Jan 16, 2018","34,771.05","34,877.71","34,936.03","34,735.55",55.31K,-0.21%,
"Jan 17, 2018","35,081.82","34,753.80","35,118.61","34,700.82",36.09K,0.89%,
"Jan 18, 2018","35,260.29","35,366.45","35,507.36","35,166.44",16.17K,0.51%,
"Jan 19, 2018","35,511.58","35,339.11","35,542.17","35,221.16",36.30K,0.71%,
"Jan 22, 2018","35,798.01","35,613.97","35,827.70","35,544.68",14.14K,0.81%,
"Jan 23, 2018","36,139.98","35,868.19","36,170.83","35,863.98",27.82K,0.96%,
"Jan 24, 2018","36,161.64","36,161.62","36,268.19","36,036.51",26.04K,0.06%,
"Jan 25, 2018","36,050.44","36,208.39","36,247.02","35,823.35",15.62K,-0.31%,
"Jan 29, 2018","36,283.25","36,106.36","36,443.98","36,093.36",17.38K,0.65%,
"Jan 30, 2018","36,033.73","36,277.12","36,291.82","35,993.41",18.70K,-0.69%,
"Jan 31, 2018","35,965.02","35,951.64","36,050.69","35,818.41",11.26K,-0.19%,
"Feb 01, 2018","35,906.66","36,048.99","36,256.83","35,501.74",26.01K,-0.16%,
"Feb 02, 2018","35,066.75","35,707.60","35,738.13","35,006.41",18.60K,-2.34%,
"Feb 05, 2018","34,757.16","34,718.85","34,874.17","34,520.80",24.17K,-0.88%,
"Feb 06, 2018","34,195.94","33,753.78","34,521.01","33,482.81",23.58K,-1.61%,
"Feb 07, 2018","34,082.71","34,563.30","34,666.33","34,008.42",13.52K,-0.33%,
"Feb 08, 2018","34,413.16","34,208.11","34,634.35","34,108.76",36.78K,0.97%,
"Feb 09, 2018","34,005.76","34,002.45","34,070.73","33,849.65",15.73K,-1.18%,
"Feb 12, 2018","34,300.47","34,203.34","34,351.34","34,115.12",16.04K,0.87%,
"Feb 14, 2018","34,155.95","34,436.98","34,473.43","34,028.68",21.80K,-0.42%,
"Feb 15, 2018","34,297.47","34,207.57","34,535.08","34,186.01",13.42K,0.41%,
"Feb 16, 2018","34,010.76","34,411.24","34,508.24","33,957.33",18.61K,-0.84%,
"Feb 19, 2018","33,774.66","34,053.95","34,122.96","33,554.37",18.58K,-0.69%,
"Feb 20, 2018","33,703.59","33,913.94","33,960.95","33,657.89",19.76K,-0.21%,
"Feb 21, 2018","33,844.86","33,813.83","33,911.36","33,702.50",18.16K,0.42%,
"Feb 22, 2018","33,819.50","33,817.09","33,868.74","33,691.42",12.20K,-0.07%,
"Feb 23, 2018","34,142.15","33,832.00","34,167.60","33,832.00",22.35K,0.95%,
"Feb 26, 2018","34,445.75","34,225.72","34,483.39","34,225.72",8.67K,0.89%,
"Feb 27, 2018","34,346.39","34,558.56","34,610.79","34,314.87",13.10K,-0.29%,
"Feb 28, 2018","34,184.04","34,155.63","34,302.74","34,076.45",12.37K,-0.47%,
"Mar 01, 2018","34,046.94","34,141.22","34,278.63","34,015.79",11.61K,-0.40%,
"Mar 05, 2018","33,746.78","34,034.28","34,034.28","33,653.41",17.40K,-0.88%,
"Mar 06, 2018","33,317.20","34,047.43","34,060.13","33,209.76",12.25K,-1.27%,
"Mar 07, 2018","33,033.09","33,279.39","33,331.21","32,991.14",11.05K,-0.85%,
"Mar 08, 2018","33,351.57","33,244.52","33,439.97","33,037.48",16.01K,0.96%,
"Mar 09, 2018","33,307.14","33,465.05","33,519.49","33,256.42",8.46K,-0.13%,
"Mar 12, 2018","33,917.94","33,468.16","33,962.48","33,468.16",12.62K,1.83%,
"Mar 13, 2018","33,856.78","33,818.22","34,077.32","33,722.96",14.75K,-0.18%,
"Mar 14, 2018","33,835.74","33,733.55","33,875.15","33,580.69",9.63K,-0.06%,
"Mar 15, 2018","33,685.54","33,843.47","33,866.28","33,637.28",17.77K,-0.44%,
"Mar 16, 2018","33,176.00","33,685.86","33,691.32","33,119.92",13.08K,-1.51%,
"Mar 19, 2018","32,923.12","33,268.97","33,275.79","32,856.54",10.10K,-0.76%,
"Mar 20, 2018","32,996.76","32,876.48","33,102.74","32,810.86",15.12K,0.22%,
"Mar 21, 2018","33,136.18","33,090.82","33,354.93","33,070.53",10.37K,0.42%,
"Mar 22, 2018","33,006.27","33,206.99","33,281.77","32,963.31",13.29K,-0.39%,
"Mar 23, 2018","32,596.54","32,650.89","32,720.03","32,483.84",11.80K,-1.24%,
"Mar 26, 2018","33,066.41","32,536.44","33,115.41","32,515.17",16.90K,1.44%,
"Mar 27, 2018","33,174.39","33,172.98","33,371.04","33,077.13",15.63K,0.33%,
"Mar 28, 2018","32,968.68","33,098.09","33,104.11","32,917.66",12.72K,-0.62%,
"Apr 02, 2018","33,255.36","33,030.87","33,289.34","32,997.88",7.84K,0.87%,
"Apr 03, 2018","33,370.63","33,197.42","33,402.94","33,153.83",11.42K,0.35%,
"Apr 04, 2018","33,019.07","33,437.52","33,505.53","32,972.56",9.96M,-1.05%,
"Apr 05, 2018","33,596.80","33,289.96","33,637.46","33,267.86",11.35M,1.75%,
"Apr 06, 2018","33,626.97","33,608.59","33,697.51","33,501.37",11.09M,0.09%,
"Apr 09, 2018","33,788.54","33,653.61","33,846.50","33,578.91",38.57M,0.48%,
"Apr 10, 2018","33,880.25","33,880.11","33,949.98","33,813.30",14.04M,0.27%,
"Apr 11, 2018","33,940.44","33,970.35","33,981.54","33,750.74",9.56M,0.18%,
"Apr 12, 2018","34,101.13","33,987.55","34,177.44","33,924.88",6.83M,0.47%,
"Apr 13, 2018","34,192.65","34,167.53","34,313.14","34,103.53",8.63M,0.27%,
"Apr 16, 2018","34,305.43","33,944.73","34,341.46","33,899.34",7.29M,0.33%,
"Apr 17, 2018","34,395.06","34,381.80","34,434.14","34,229.83",10.71M,0.26%,
"Apr 18, 2018","34,331.68","34,443.42","34,591.81","34,270.04",8.54M,-0.18%,
"Apr 19, 2018","34,427.29","34,403.67","34,478.82","34,358.91",7.83M,0.28%,
"Apr 20, 2018","34,415.58","34,434.14","34,487.33","34,311.29",10.48M,-0.03%,
"Apr 23, 2018","34,450.77","34,493.69","34,663.95","34,259.27",9.85M,0.10%,
"Apr 24, 2018","34,616.64","34,491.38","34,706.71","34,465.49",8.71M,0.48%,
"Apr 25, 2018","34,501.27","34,593.17","34,631.27","34,400.56",7.96M,-0.33%,
"Apr 26, 2018","34,713.60","34,532.95","34,747.97","34,505.62",10.27M,0.62%,
"Apr 27, 2018","34,969.70","34,747.04","35,065.37","34,744.73",16.71M,0.74%,
"Apr 30, 2018","35,160.36","35,021.20","35,213.30","35,004.00",7.07M,0.55%,
"May 02, 2018","35,176.42","35,328.91","35,357.15","35,072.42",8.98M,0.05%,
"May 03, 2018","35,103.14","35,257.31","35,257.31","35,020.08",7.90M,-0.21%,
"May 04, 2018","34,915.38","35,144.96","35,206.55","34,847.61",8.04M,-0.53%,
"May 07, 2018","35,208.14","34,983.59","35,259.81","34,977.74",13.02M,0.84%,
"May 08, 2018","35,216.32","35,349.85","35,388.87","35,136.01",14.61M,0.02%,
"May 09, 2018","35,319.35","35,198.08","35,404.83","35,134.20",9.69M,0.29%,
"May 10, 2018","35,246.27","35,353.96","35,500.76","35,203.85",8.73M,-0.21%,
"May 11, 2018","35,535.79","35,287.99","35,596.15","35,262.06",9.21M,0.82%,
"May 14, 2018","35,556.71","35,555.83","35,642.72","35,456.56",9.28M,0.06%,
"May 15, 2018","35,543.94","35,537.85","35,993.53","35,497.92",12.36M,-0.04%,
"May 16, 2018","35,387.88","35,452.35","35,543.89","35,241.63",11.21M,-0.44%,
"May 17, 2018","35,149.12","35,483.62","35,510.01","35,087.82",11.28M,-0.67%,
"May 18, 2018","34,848.30","35,143.59","35,163.11","34,821.62",9.81M,-0.86%,
"May 21, 2018","34,616.13","34,873.16","34,973.95","34,593.82",6.72M,-0.67%,
"May 22, 2018","34,651.24","34,601.49","34,754.60","34,550.22",12.36M,0.10%,
"May 23, 2018","34,344.91","34,656.63","34,668.47","34,302.89",11.57M,-0.88%,
"May 24, 2018","34,663.11","34,404.14","34,741.46","34,367.83",16.27M,0.93%,
"May 25, 2018","34,924.87","34,753.47","35,017.93","34,700.52",10.62M,0.76%,
"May 28, 2018","35,165.48","35,074.32","35,240.96","35,006.50",11.47M,0.69%,
"May 29, 2018","34,949.24","35,213.14","35,234.14","34,922.18",8.70M,-0.61%,
"May 30, 2018","34,906.11","34,876.13","35,017.45","34,735.11",11.17M,-0.12%,
"May 31, 2018","35,322.38","35,083.81","35,416.03","34,926.08",23.58M,1.19%,
"Jun 01, 2018","35,227.26","35,373.98","35,438.22","35,177.35",12.27M,-0.27%,
"Jun 04, 2018","35,011.89","35,503.24","35,555.59","34,982.25",30.28M,-0.61%,
"Jun 05, 2018","34,903.21","35,029.45","35,073.12","34,784.68",8.64M,-0.31%,
"Jun 06, 2018","35,178.88","34,932.49","35,230.54","34,896.37",10.44M,0.79%,
"Jun 07, 2018","35,463.08","35,278.38","35,628.49","35,278.38",9.15M,0.81%,
"Jun 08, 2018","35,443.67","35,406.47","35,484.94","35,260.00",10.20M,-0.05%,
"Jun 11, 2018","35,483.47","35,472.59","35,704.84","35,444.49",11.42M,0.11%,
"Jun 12, 2018","35,692.52","35,525.30","35,743.08","35,479.07",11.42M,0.59%,
"Jun 13, 2018","35,739.16","35,835.44","35,877.41","35,715.96",12.28M,0.13%,
"Jun 14, 2018","35,599.82","35,743.10","35,749.88","35,488.55",10.11M,-0.39%,
"Jun 15, 2018","35,622.14","35,656.26","35,675.20","35,419.68",9.32M,0.06%,
"Jun 18, 2018","35,548.26","35,698.43","35,721.55","35,518.73",8.28M,-0.21%,
"Jun 19, 2018","35,286.74","35,552.47","35,552.47","35,249.06",9.30M,-0.74%,
"Jun 20, 2018","35,547.33","35,329.61","35,571.37","35,329.51",10.50M,0.74%,
"Jun 21, 2018","35,432.39","35,644.05","35,678.69","35,396.97",64.24M,-0.32%,
"Jun 22, 2018","35,689.60","35,428.42","35,741.26","35,344.49",15.25M,0.73%,
"Jun 25, 2018","35,470.35","35,783.75","35,806.97","35,430.11",12.23M,-0.61%,
"Jun 26, 2018","35,490.04","35,355.72","35,616.64","35,338.09",11.87M,0.06%,
"Jun 27, 2018","35,217.11","35,543.89","35,618.85","35,154.21",11.57M,-0.77%,
"Jun 28, 2018","35,037.64","35,207.19","35,282.40","34,937.15",13.35M,-0.51%,
"Jun 29, 2018","35,423.48","35,128.16","35,459.05","35,099.65",39.02M,1.10%,
"Jul 02, 2018","35,264.41","35,545.22","35,578.24","35,106.57",15.26M,-0.45%,
"Jul 03, 2018","35,378.60","35,344.21","35,445.21","35,195.63",7.90M,0.32%,
"Jul 04, 2018","35,645.40","35,385.52","35,667.31","35,309.67",12.32M,0.75%,
"Jul 05, 2018","35,574.55","35,703.17","35,748.26","35,517.79",19.92M,-0.20%,
"Jul 06, 2018","35,657.86","35,543.66","35,799.71","35,532.21",15.06M,0.23%,
"Jul 09, 2018","35,934.72","35,835.10","35,977.37","35,779.72",8.66M,0.78%,
"Jul 10, 2018","36,239.62","36,068.27","36,274.33","36,019.63",9.10M,0.85%,
"Jul 11, 2018","36,265.93","36,299.26","36,362.30","36,169.70",9.68M,0.07%,
"Jul 12, 2018","36,548.41","36,424.23","36,699.53","36,422.08",12.67M,0.78%,
"Jul 13, 2018","36,541.63","36,635.14","36,740.07","36,501.61",12.33M,-0.02%,
"Jul 16, 2018","36,323.77","36,658.71","36,658.71","36,298.94",9.92M,-0.60%,
"Jul 17, 2018","36,519.96","36,390.99","36,549.55","36,261.78",9.48M,0.54%,
"Jul 18, 2018","36,373.44","36,722.41","36,747.87","36,320.92",19.05M,-0.40%,
"Jul 19, 2018","36,351.23","36,509.08","36,515.58","36,279.33",9.67M,-0.06%,
"Jul 20, 2018","36,496.37","36,377.03","36,567.34","36,335.61",16.78M,0.40%,
"Jul 23, 2018","36,718.60","36,501.05","36,749.69","36,491.83",8.26M,0.61%,
"Jul 24, 2018","36,825.10","36,859.39","36,902.06","36,709.72",12.01M,0.29%,
"Jul 25, 2018","36,858.23","36,928.06","36,947.18","36,803.15",11.34M,0.09%,
"Jul 26, 2018","36,984.64","36,928.38","37,061.62","36,852.53",18.38M,0.34%,
"Jul 27, 2018","37,336.85","37,253.86","37,368.62","37,134.88",15.21M,0.95%,
"Jul 30, 2018","37,494.40","37,491.39","37,533.50","37,292.45",14.48M,0.42%,
"Jul 31, 2018","37,606.58","37,534.95","37,644.59","37,298.75",14.36M,0.30%,
"Aug 01, 2018","37,521.62","37,643.87","37,711.87","37,432.91",16.57M,-0.23%,
"Aug 02, 2018","37,165.16","37,529.69","37,529.69","37,128.99",12.06M,-0.95%,
"Aug 03, 2018","37,556.16","37,327.16","37,582.27","37,319.61",18.34M,1.05%,
"Aug 06, 2018","37,691.89","37,714.70","37,805.25","37,643.29",12.78M,0.36%,
"Aug 07, 2018","37,665.80","37,849.21","37,876.87","37,586.88",16.41M,-0.07%,
"Aug 08, 2018","37,887.56","37,756.24","37,931.42","37,641.40",9.71M,0.59%,
"Aug 09, 2018","38,024.37","37,994.51","38,076.23","37,939.28",15.78M,0.36%,
"Aug 10, 2018","37,869.23","38,050.07","38,051.45","37,815.75",16.08M,-0.41%,
"Aug 13, 2018","37,644.90","37,693.19","37,799.54","37,559.26",11.77M,-0.59%,
"Aug 14, 2018","37,852.00","37,749.59","37,932.40","37,689.71",11.56M,0.55%,
"Aug 16, 2018","37,663.56","37,796.01","37,891.92","37,634.13",13.37M,-0.50%,
"Aug 17, 2018","37,947.88","37,898.60","38,022.32","37,840.16",10.31M,0.75%,
"Aug 20, 2018","38,278.75","38,075.07","38,340.69","38,050.69",12.17M,0.87%,
"Aug 21, 2018","38,285.75","38,360.32","38,402.96","38,213.87",9.19M,0.02%,
"Aug 23, 2018","38,336.76","38,416.65","38,487.63","38,227.36",11.38M,0.13%,
"Aug 24, 2018","38,251.80","38,366.79","38,429.50","38,172.77",11.03M,-0.22%,
"Aug 27, 2018","38,694.11","38,472.03","38,736.88","38,416.73",11.14M,1.16%,
"Aug 28, 2018","38,896.63","38,814.76","38,938.91","38,760.58",10.16M,0.52%,
"Aug 29, 2018","38,722.93","38,989.65","38,989.65","38,679.57",11.82M,-0.45%,
"Aug 30, 2018","38,690.10","38,796.98","38,819.06","38,581.83",11.10M,-0.08%,
"Aug 31, 2018","38,645.07","38,704.84","38,838.45","38,562.21",18.56M,-0.12%,
"Sep 03, 2018","38,312.52","38,915.91","38,934.35","38,270.01",12.72M,-0.86%,
"Sep 04, 2018","38,157.92","38,460.96","38,518.56","38,098.60",12.89M,-0.40%,
"Sep 05, 2018","38,018.31","38,192.95","38,250.61","37,774.42",15.30M,-0.37%,
"Sep 06, 2018","38,242.81","38,161.85","38,320.96","37,912.50",9.59M,0.59%,
"Sep 07, 2018","38,389.82","38,314.55","38,421.56","38,067.22",19.32M,0.38%,
"Sep 10, 2018","37,922.17","38,348.39","38,354.52","37,882.83",21.14M,-1.22%,
"Sep 11, 2018","37,413.13","38,017.49","38,043.27","37,361.20",12.28M,-1.34%,
"Sep 12, 2018","37,717.96","37,546.42","37,752.58","37,342.00",13.97M,0.81%,
"Sep 14, 2018","38,090.64","37,939.29","38,125.62","37,859.52",12.59M,0.99%,
"Sep 17, 2018","37,585.51","38,027.81","38,027.81","37,548.93",9.09M,-1.33%,
"Sep 18, 2018","37,290.67","37,660.19","37,745.44","37,242.85",11.24M,-0.78%,
"Sep 19, 2018","37,121.22","37,432.93","37,530.63","37,062.69",13.38M,-0.45%,
"Sep 21, 2018","36,841.60","37,278.89","37,489.24","35,993.64",42.41M,-0.75%,
"Sep 24, 2018","36,305.02","36,924.72","36,945.50","36,216.95",24.05M,-1.46%,
"Sep 25, 2018","36,652.06","36,350.25","36,705.79","36,064.10",21.15M,0.96%,
"Sep 26, 2018","36,542.27","36,936.64","36,938.74","36,357.93",22.53M,-0.30%,
"Sep 27, 2018","36,324.17","36,691.93","36,711.62","36,238.23",18.42M,-0.60%,
"Sep 28, 2018","36,227.14","36,452.74","36,551.86","35,985.63",23.52M,-0.27%,
"Oct 01, 2018","36,526.14","36,274.25","36,616.64","35,960.65",22.03M,0.83%,
"Oct 03, 2018","35,975.63","36,602.85","36,602.85","35,911.82",25.86M,-1.51%,
"Oct 04, 2018","35,169.16","35,820.53","35,820.53","35,022.12",22.04M,-2.24%,
"Oct 05, 2018","34,376.99","35,097.99","35,118.54","34,202.22",22.75M,-2.25%,
"Oct 08, 2018","34,474.38","34,412.36","34,636.43","33,974.66",21.03M,0.28%,
"Oct 09, 2018","34,299.47","34,651.82","34,711.68","34,233.50",31.18M,-0.51%,
"Oct 10, 2018","34,760.89","34,493.21","34,858.35","34,346.50",25.18M,1.35%,
"Oct 11, 2018","34,001.15","34,063.82","34,325.18","33,723.53",31.64M,-2.19%,
"Oct 12, 2018","34,733.58","34,291.92","34,808.42","34,279.78",32.26M,2.15%,
"Oct 15, 2018","34,865.10","34,971.83","35,008.65","34,559.98",10.95M,0.38%,
"Oct 16, 2018","35,162.48","35,004.33","35,215.79","34,913.06",13.25M,0.85%,
"Oct 17, 2018","34,779.58","35,543.38","35,605.43","34,727.16",18.23M,-1.09%,
"Oct 19, 2018","34,315.63","34,563.29","34,563.29","34,140.32",16.51M,-1.33%,
"Oct 22, 2018","34,134.38","34,689.39","34,748.69","34,082.76",17.59M,-0.53%,
"Oct 23, 2018","33,847.23","33,935.88","34,073.92","33,742.75",13.12M,-0.84%,
"Oct 24, 2018","34,033.96","34,203.70","34,300.97","33,726.07",19.55M,0.55%,
"Oct 25, 2018","33,690.09","33,778.60","33,838.76","33,553.18",17.94M,-1.01%,
"Oct 26, 2018","33,349.31","33,776.80","33,776.80","33,291.58",22.05M,-1.01%,
"Oct 29, 2018","34,067.40","33,549.88","34,154.60","33,341.80",28.88M,2.15%,
"Oct 30, 2018","33,891.13","34,068.92","34,176.36","33,799.79",16.28M,-0.52%,
"Oct 31, 2018","34,442.05","33,963.09","34,463.38","33,587.24",26.72M,1.63%,
"Nov 01, 2018","34,431.97","34,650.63","34,679.93","34,303.38",23.14M,-0.03%,
"Nov 02, 2018","35,011.65","34,743.95","35,190.20","34,649.80",39.86M,1.68%,
"Nov 05, 2018","34,950.92","35,118.62","35,123.41","34,811.60",22.90M,-0.17%,
"Nov 06, 2018","34,991.91","35,076.24","35,196.03","34,889.72",16.66M,0.12%,
"Nov 07, 2018","35,237.68","35,301.88","35,302.25","35,183.17",2.61M,0.70%,
"Nov 09, 2018","35,158.55","35,258.13","35,287.29","35,011.23",17.63M,-0.22%,
"Nov 12, 2018","34,812.99","35,287.49","35,333.22","34,756.80",16.21M,-0.98%,
"Nov 13, 2018","35,144.49","34,846.19","35,187.75","34,672.20",12.41M,0.95%,
"Nov 14, 2018","35,141.99","35,330.14","35,351.88","34,986.86",24.00M,-0.01%,
"Nov 15, 2018","35,260.54","35,145.75","35,402.00","35,118.42",20.56M,0.34%,
"Nov 16, 2018","35,457.16","35,398.70","35,545.85","35,324.37",21.81M,0.56%,
"Nov 19, 2018","35,774.88","35,647.62","35,818.83","35,511.10",16.13M,0.90%,
"Nov 20, 2018","35,474.51","35,730.77","35,731.67","35,416.18",16.16M,-0.84%,
"Nov 21, 2018","35,199.80","35,492.62","35,494.25","35,112.49",14.34M,-0.77%,
"Nov 22, 2018","34,981.02","35,282.33","35,364.50","34,937.98",14.18M,-0.62%,
"Nov 26, 2018","35,354.08","35,118.09","35,397.24","34,896.07",19.79M,1.07%,
"Nov 27, 2018","35,513.14","35,394.77","35,555.16","35,262.97",19.68M,0.45%,
"Nov 28, 2018","35,716.95","35,635.52","35,822.16","35,605.34",28.28M,0.57%,
"Nov 29, 2018","36,170.41","35,997.29","36,253.85","35,946.24",41.77M,1.27%,
"Nov 30, 2018","36,194.30","36,304.43","36,389.22","36,082.97",24.01M,0.07%,
"Dec 03, 2018","36,241.00","36,396.69","36,446.16","36,099.68",30.97M,0.13%,
"Dec 04, 2018","36,134.31","36,290.48","36,295.84","36,036.39",19.11M,-0.29%,
"Dec 05, 2018","35,884.41","36,035.65","36,048.65","35,777.81",21.39M,-0.69%,
"Dec 06, 2018","35,312.13","35,694.25","35,707.23","35,266.76",23.26M,-1.59%,
"Dec 07, 2018","35,673.25","35,494.86","35,730.05","35,378.27",19.57M,1.02%,
"Dec 10, 2018","34,959.72","35,204.66","35,246.97","34,915.77",19.14M,-2.00%,
"Dec 11, 2018","35,150.01","34,584.13","35,207.33","34,426.29",23.05M,0.54%,
"Dec 12, 2018","35,779.07","35,277.84","35,826.58","35,167.47",22.33M,1.79%,
"Dec 13, 2018","35,929.64","36,024.88","36,095.56","35,794.51",23.26M,0.42%,
"Dec 14, 2018","35,962.93","35,960.19","36,019.02","35,813.85",19.64M,0.09%,
"Dec 17, 2018","36,270.07","36,129.13","36,312.31","36,123.62",17.66M,0.85%,
"Dec 18, 2018","36,347.08","36,226.38","36,375.38","36,046.52",21.44M,0.21%,
"Dec 19, 2018","36,484.33","36,441.46","36,554.99","36,381.87",17.20M,0.38%,
"Dec 20, 2018","36,431.67","36,321.18","36,475.52","36,202.90",20.38M,-0.14%,
"Dec 21, 2018","35,742.07","36,449.27","36,483.49","35,694.74",19.10M,-1.89%,
"Dec 24, 2018","35,470.15","35,859.66","35,910.67","35,423.24",13.65M,-0.76%,
"Dec 26, 2018","35,649.94","35,443.16","35,711.26","35,010.82",16.66M,0.51%,
"Dec 27, 2018","35,807.28","36,002.11","36,041.24","35,781.95",13.46M,0.44%,
"Dec 28, 2018","36,076.72","35,911.99","36,194.78","35,911.99",10.75M,0.75%,
"Dec 31, 2018","36,068.33","36,239.19","36,285.46","36,033.95",8.91M,-0.02%,
"Jan 01, 2019","36,254.57","36,161.80","36,284.04","35,888.62",24.03M,0.52%,
"Jan 02, 2019","35,891.52","36,198.13","36,236.70","35,734.01",15.16M,-1.00%,
"Jan 03, 2019","35,513.71","35,934.50","35,999.66","35,475.57",17.91M,-1.05%,
"Jan 04, 2019","35,695.10","35,590.79","35,744.20","35,382.08",15.60M,0.51%,
"Jan 07, 2019","35,850.16","35,971.18","36,076.95","35,809.23",14.52M,0.43%,
"Jan 08, 2019","35,980.93","35,964.62","36,037.35","35,753.95",15.66M,0.36%,
"Jan 09, 2019","36,212.91","36,181.37","36,250.54","35,863.29",20.90M,0.64%,
"Jan 10, 2019","36,106.50","36,258.00","36,269.31","36,070.76",17.87M,-0.29%,
"Jan 11, 2019","36,009.84","36,191.87","36,214.26","35,840.60",18.73M,-0.27%,
"Jan 14, 2019","35,853.56","36,113.27","36,124.94","35,691.75",24.79M,-0.43%,
"Jan 15, 2019","36,318.33","35,950.08","36,349.31","35,950.08",24.66M,1.30%,
"Jan 16, 2019","36,321.29","36,370.74","36,462.03","36,278.61",16.87M,0.01%,
"Jan 17, 2019","36,374.08","36,413.60","36,468.42","36,170.80",21.14M,0.15%,
"Jan 18, 2019","36,386.61","36,417.58","36,469.98","36,218.33",21.40M,0.03%,
"Jan 21, 2019","36,578.96","36,467.12","36,701.03","36,351.77",19.33M,0.53%,
"Jan 22, 2019","36,444.64","36,649.92","36,650.47","36,282.93",17.76M,-0.37%,
"Jan 23, 2019","36,108.47","36,494.12","36,521.47","36,037.90",14.68M,-0.92%,
"Jan 24, 2019","36,195.10","36,146.55","36,258.28","35,996.68",23.76M,0.24%,
"Jan 25, 2019","36,025.54","36,245.77","36,474.48","35,953.15",23.74M,-0.47%,
"Jan 28, 2019","35,656.70","36,099.62","36,124.26","35,565.15",15.51M,-1.02%,
"Jan 29, 2019","35,592.50","35,716.72","35,734.14","35,375.51",17.19M,-0.18%,
"Jan 30, 2019","35,591.25","35,819.67","35,850.41","35,490.97",19.56M,0.00%,
"Jan 31, 2019","36,256.69","35,805.51","36,278.13","35,740.07",19.19M,1.87%,
"Feb 01, 2019","36,469.43","36,311.74","36,778.14","36,221.32",32.80M,0.59%,
"Feb 04, 2019","36,582.74","36,456.22","36,622.77","36,225.48",16.07M,0.31%,
"Feb 05, 2019","36,616.81","36,573.04","36,727.83","36,495.83",14.54M,0.09%,
"Feb 06, 2019","36,975.23","36,714.54","37,005.25","36,680.88",14.36M,0.98%,
"Feb 07, 2019","36,971.09","37,026.56","37,172.18","36,898.80",14.99M,-0.01%,
"Feb 08, 2019","36,546.48","36,873.59","36,885.58","36,480.62",22.30M,-1.15%,
"Feb 11, 2019","36,395.03","36,585.50","36,588.41","36,300.48",19.78M,-0.41%,
"Feb 12, 2019","36,153.62","36,405.72","36,465.40","36,113.91",12.61M,-0.66%,
"Feb 13, 2019","36,034.11","36,279.63","36,375.80","35,962.68",15.44M,-0.33%,
"Feb 14, 2019","35,876.22","36,065.08","36,109.10","35,799.42",33.48M,-0.44%,
"Feb 15, 2019","35,808.95","35,985.68","36,022.57","35,510.97",23.71M,-0.19%,
"Feb 18, 2019","35,498.44","35,831.18","35,912.44","35,470.76",16.39M,-0.87%,
"Feb 19, 2019","35,352.61","35,543.24","35,776.04","35,287.16",10.41M,-0.41%,
"Feb 20, 2019","35,756.26","35,564.93","35,797.11","35,469.49",12.86M,1.14%,
"Feb 21, 2019","35,898.35","35,837.00","35,983.07","35,707.29",11.82M,0.40%,
"Feb 22, 2019","35,871.48","35,906.01","35,941.69","35,795.79",19.01M,-0.07%,
"Feb 25, 2019","36,213.38","35,983.80","36,242.18","35,901.06",12.17M,0.95%,
"Feb 26, 2019","35,973.71","35,975.75","36,172.52","35,714.16",18.49M,-0.66%,
"Feb 27, 2019","35,905.43","36,138.83","36,371.11","35,735.33",19.89M,-0.19%,
"Feb 28, 2019","35,867.44","36,025.72","36,085.85","35,829.15",12.28M,-0.11%,
"Mar 01, 2019","36,063.81","36,018.49","36,140.67","35,952.41",17.24M,0.55%,
"Mar 05, 2019","36,442.54","36,141.07","36,457.44","35,926.94",21.94M,1.05%,
"Mar 06, 2019","36,636.10","36,544.86","36,666.47","36,456.82",16.38M,0.53%,
"Mar 07, 2019","36,725.42","36,744.02","36,830.25","36,590.88",17.32M,0.24%,
"Mar 08, 2019","36,671.43","36,753.59","36,753.59","36,592.93",15.06M,-0.15%,
"Mar 11, 2019","37,054.10","36,741.57","37,106.19","36,726.39",14.80M,1.04%,
"Mar 12, 2019","37,535.66","37,249.65","37,586.63","37,230.85",20.13M,1.30%,
"Mar 13, 2019","37,752.17","37,608.29","37,797.29","37,478.87",21.67M,0.58%,
"Mar 14, 2019","37,754.89","37,840.64","37,907.78","37,693.69",16.06M,0.01%,
"Mar 15, 2019","38,024.32","37,760.23","38,254.77","37,760.23",16.81M,0.71%,
"Mar 18, 2019","38,095.07","38,132.96","38,369.59","37,952.10",16.36M,0.19%,
"Mar 19, 2019","38,363.47","38,218.59","38,396.06","38,078.23",15.58M,0.70%,
"Mar 20, 2019","38,386.75","38,433.86","38,489.81","38,316.21",16.12M,0.06%,
"Mar 22, 2019","38,164.61","38,452.47","38,564.71","38,089.36",18.82M,-0.58%,
"Mar 25, 2019","37,808.91","38,016.76","38,016.76","37,667.40",17.45M,-0.93%,
"Mar 26, 2019","38,233.41","37,886.29","38,297.70","37,800.08",15.03M,1.12%,
"Mar 27, 2019","38,132.88","38,372.03","38,475.93","38,001.34",19.41M,-0.26%,
"Mar 28, 2019","38,545.72","38,208.30","38,593.65","38,148.44",16.51M,1.08%,
"Mar 29, 2019","38,672.91","38,675.00","38,748.54","38,546.68",15.26M,0.33%,
"Apr 01, 2019","38,871.87","38,858.88","39,115.57","38,808.74",20.42M,0.51%,
"Apr 02, 2019","39,056.65","38,988.57","39,121.69","38,846.96",20.34M,0.48%,
"Apr 03, 2019","38,877.12","39,167.05","39,270.14","38,826.56",17.55M,-0.46%,
"Apr 04, 2019","38,684.72","38,935.75","38,939.35","38,581.04",13.35M,-0.49%,
"Apr 05, 2019","38,862.23","38,839.52","38,958.60","38,701.04",16.41M,0.46%,
"Apr 08, 2019","38,700.53","38,993.60","39,041.25","38,520.96",10.81M,-0.42%,
"Apr 09, 2019","38,939.22","38,730.93","38,978.99","38,598.72",15.59M,0.62%,
"Apr 10, 2019","38,585.35","38,898.60","38,950.45","38,542.28",16.68M,-0.91%,
"Apr 11, 2019","38,607.01","38,621.58","38,649.98","38,460.25",14.90M,0.06%,
"Apr 12, 2019","38,767.11","38,692.06","38,818.87","38,554.79",17.51M,0.41%,
"Apr 15, 2019","38,905.84","38,805.54","38,976.58","38,780.08",21.47M,0.36%,
"Apr 16, 2019","39,275.64","39,040.30","39,364.34","39,038.81",14.85M,0.95%,
"Apr 18, 2019","39,140.28","39,420.04","39,487.45","39,083.16",14.96M,-0.34%,
"Apr 22, 2019","38,645.18","39,158.22","39,158.22","38,585.65",15.35M,-1.26%,
"Apr 23, 2019","38,564.88","38,771.27","38,832.61","38,518.26",12.04M,-0.21%,
"Apr 24, 2019","39,054.68","38,672.63","39,095.35","38,571.00",15.69M,1.27%,
"Apr 25, 2019","38,730.86","39,101.78","39,262.22","38,663.98",14.84M,-0.83%,
"Apr 26, 2019","39,067.33","38,865.83","39,103.16","38,765.33",17.84M,0.87%,
"Apr 30, 2019","39,031.55","39,056.92","39,105.88","38,753.46",31.93M,-0.09%,
"May 02, 2019","38,981.43","39,036.51","39,189.95","38,882.99",26.96M,-0.13%,
"May 03, 2019","38,963.26","39,009.55","39,172.76","38,920.17",15.30M,-0.05%,
"May 06, 2019","38,600.34","38,719.33","38,719.33","38,509.79",13.82M,-0.93%,
"May 07, 2019","38,276.63","38,815.46","38,835.54","38,236.18",16.13M,-0.84%,
"May 08, 2019","37,789.13","38,244.18","38,248.57","37,743.07",13.49M,-1.27%,
"May 09, 2019","37,558.91","37,747.91","37,780.46","37,405.40",15.84M,-0.61%,
"May 10, 2019","37,462.99","37,632.36","37,721.98","37,370.39",20.34M,-0.26%,
"May 13, 2019","37,090.82","37,491.30","37,583.57","36,999.84",18.40M,-0.99%,
"May 14, 2019","37,318.53","37,146.58","37,572.70","36,956.10",18.19M,0.61%,
"May 15, 2019","37,114.88","37,539.05","37,559.67","37,047.87",20.04M,-0.55%,
"May 16, 2019","37,393.48","37,179.13","37,518.94","37,052.30",16.24M,0.75%,
"May 17, 2019","37,930.77","37,494.42","38,001.13","37,415.36",19.43M,1.44%,
"May 20, 2019","39,352.67","38,701.18","39,412.56","38,570.04",27.19M,3.75%,
"May 21, 2019","38,969.80","39,449.45","39,571.73","38,884.85",23.39M,-0.97%,
"May 22, 2019","39,110.21","39,086.21","39,249.08","38,903.87",16.11M,0.36%,
"May 23, 2019","38,811.39","39,591.77","40,124.96","38,651.61",29.02M,-0.76%,
"May 24, 2019","39,434.72","39,076.28","39,476.97","38,824.26",17.64M,1.61%,
"May 27, 2019","39,683.29","39,536.23","39,821.94","39,353.16",16.53M,0.63%,
"May 28, 2019","39,749.73","39,765.64","39,828.65","39,498.65",15.83M,0.17%,
"May 29, 2019","39,502.05","39,714.27","39,767.93","39,420.50",13.19M,-0.62%,
"May 30, 2019","39,831.97","39,580.28","39,911.92","39,500.56",18.00M,0.84%,
"May 31, 2019","39,714.20","39,998.91","40,122.34","39,374.24",17.57M,-0.30%,
"Jun 03, 2019","40,267.62","39,806.86","40,308.90","39,711.02",35.72M,1.39%,
"Jun 04, 2019","40,083.54","40,196.00","40,312.07","40,031.05",12.31M,-0.46%,
"Jun 06, 2019","39,529.72","40,136.43","40,159.26","39,481.15",19.30M,-1.38%,
"Jun 07, 2019","39,615.90","39,581.77","39,703.10","39,279.47",15.27M,0.22%,
"Jun 10, 2019","39,784.52","39,787.33","39,979.48","39,619.97",16.65M,0.43%,
"Jun 11, 2019","39,950.46","39,900.45","40,066.31","39,760.02",14.63M,0.42%,
"Jun 12, 2019","39,756.81","39,974.18","39,982.10","39,623.53",12.06M,-0.48%,
"Jun 13, 2019","39,741.36","39,679.35","39,800.81","39,461.27",22.49M,-0.04%,
"Jun 14, 2019","39,452.07","39,797.00","39,799.90","39,363.45",21.20M,-0.73%,
"Jun 17, 2019","38,960.79","39,514.36","39,540.42","38,911.49",13.10M,-1.25%,
"Jun 18, 2019","39,046.34","39,056.98","39,167.83","38,870.96",18.26M,0.22%,
"Jun 19, 2019","39,112.74","39,176.56","39,435.80","38,881.05",19.09M,0.17%,
"Jun 20, 2019","39,601.63","39,042.96","39,638.64","38,933.78",20.68M,1.25%,
"Jun 21, 2019","39,194.49","39,608.25","39,617.95","39,121.30",16.06M,-1.03%,
"Jun 24, 2019","39,122.96","39,160.23","39,300.02","39,021.70",11.98M,-0.18%,
"Jun 25, 2019","39,434.94","39,131.94","39,490.64","38,946.04",11.62M,0.80%,
"Jun 26, 2019","39,592.08","39,379.13","39,674.22","39,319.64",15.47M,0.40%,
"Jun 27, 2019","39,586.41","39,633.97","39,817.22","39,510.44",13.57M,-0.01%,
"Jun 28, 2019","39,394.64","39,630.52","39,675.25","39,361.92",11.50M,-0.48%,
"Jul 01, 2019","39,686.50","39,543.73","39,764.82","39,541.09",11.10M,0.74%,
"Jul 02, 2019","39,816.48","39,811.68","39,838.49","39,499.19",15.33M,0.33%,
"Jul 03, 2019","39,839.25","39,907.57","39,934.99","39,732.38",14.23M,0.06%,
"Jul 04, 2019","39,908.06","39,917.65","39,979.10","39,858.33",14.94M,0.17%,
"Jul 05, 2019","39,513.39","39,990.40","40,032.41","39,441.38",26.78M,-0.99%,
"Jul 08, 2019","38,720.57","39,476.38","39,476.38","38,605.48",22.66M,-2.01%,
"Jul 09, 2019","38,730.82","38,754.47","38,814.23","38,435.87",19.39M,0.03%,
"Jul 10, 2019","38,557.04","38,701.99","38,854.85","38,474.66",15.36M,-0.45%,
"Jul 11, 2019","38,823.11","38,751.62","38,892.50","38,631.31",15.07M,0.69%,
"Jul 12, 2019","38,736.23","38,941.10","39,021.84","38,684.85",13.29M,-0.22%,
"Jul 15, 2019","38,896.71","39,009.95","39,023.97","38,696.60",18.59M,0.41%,
"Jul 16, 2019","39,131.04","38,961.86","39,173.89","38,845.27",25.93M,0.60%,
"Jul 17, 2019","39,215.64","39,171.10","39,284.73","39,081.14",24.13M,0.22%,
"Jul 18, 2019","38,897.46","39,204.47","39,204.47","38,861.25",24.81M,-0.81%,
"Jul 19, 2019","38,337.01","39,058.73","39,058.73","38,271.35",19.81M,-1.44%,
"Jul 22, 2019","38,031.13","38,333.52","38,333.52","37,890.32",23.70M,-0.80%,
"Jul 23, 2019","37,982.74","38,138.56","38,217.81","37,898.90",19.93M,-0.13%,
"Jul 24, 2019","37,847.65","37,990.23","38,102.84","37,708.41",17.07M,-0.36%,
"Jul 25, 2019","37,830.98","37,935.02","38,169.87","37,775.51",18.60M,-0.04%,
"Jul 26, 2019","37,882.79","37,831.18","37,978.07","37,690.47",24.81M,0.14%,
"Jul 29, 2019","37,686.37","38,043.22","38,043.22","37,519.16",21.79M,-0.52%,
"Jul 30, 2019","37,397.24","37,735.54","37,950.21","37,359.03",23.51M,-0.77%,
"Jul 31, 2019","37,481.12","37,257.55","37,576.37","37,128.26",28.03M,0.22%,
"Aug 01, 2019","37,018.32","37,387.18","37,387.18","36,694.18",21.74M,-1.23%,
"Aug 02, 2019","37,118.22","36,920.11","37,375.16","36,607.41",28.97M,0.27%,
"Aug 05, 2019","36,699.84","36,842.17","36,844.05","36,416.79",26.73M,-1.13%,
"Aug 06, 2019","36,976.85","36,568.03","37,241.77","36,536.59",26.22M,0.75%,
"Aug 07, 2019","36,690.50","37,025.27","37,104.79","36,610.57",26.11M,-0.77%,
"Aug 08, 2019","37,327.36","36,808.01","37,405.48","36,655.41",24.79M,1.74%,
"Aug 09, 2019","37,581.91","37,521.30","37,807.55","37,406.26",28.19M,0.68%,
"Aug 13, 2019","36,958.16","37,755.16","37,755.16","36,888.49",28.59M,-1.66%,
"Aug 14, 2019","37,311.53","37,233.50","37,473.61","37,000.77",22.49M,0.96%,
"Aug 16, 2019","37,350.33","37,383.00","37,444.45","36,974.41",26.12M,0.10%,
"Aug 19, 2019","37,402.49","37,485.92","37,718.88","37,358.49",17.66M,0.14%,
"Aug 20, 2019","37,328.01","37,441.75","37,511.55","37,219.90",20.87M,-0.20%,
"Aug 21, 2019","37,060.37","37,298.73","37,406.55","37,022.52",28.54M,-0.72%,
"Aug 22, 2019","36,472.93","37,087.58","37,087.58","36,391.35",33.06M,-1.59%,
"Aug 23, 2019","36,701.16","36,387.68","36,807.34","36,102.35",38.37M,0.63%,
"Aug 26, 2019","37,494.12","37,363.95","37,544.48","36,492.65",35.58M,2.16%,
"Aug 27, 2019","37,641.27","37,658.48","37,731.51","37,449.69",36.47M,0.39%,
"Aug 28, 2019","37,451.84","37,655.77","37,687.82","37,249.19",28.65M,-0.50%,
"Aug 29, 2019","37,068.93","37,381.80","37,381.80","36,987.35",31.68M,-1.02%,
"Aug 30, 2019","37,332.79","37,222.26","37,397.97","36,829.81",33.42M,0.71%,
"Sep 03, 2019","36,562.91","37,181.76","37,188.38","36,466.01",23.57M,-2.06%,
"Sep 04, 2019","36,724.74","36,575.24","36,776.31","36,409.54",25.65M,0.44%,
"Sep 05, 2019","36,644.42","36,821.71","36,898.99","36,541.88",27.42M,-0.22%,
"Sep 06, 2019","36,981.77","36,785.59","37,012.98","36,727.66",23.05M,0.92%,
"Sep 09, 2019","37,145.45","36,969.48","37,244.08","36,784.47",25.32M,0.44%,
"Sep 11, 2019","37,270.82","37,251.03","37,343.46","37,193.57",36.67M,0.34%,
"Sep 12, 2019","37,104.28","37,330.47","37,435.15","37,048.67",27.46M,-0.45%,
"Sep 13, 2019","37,384.99","37,175.86","37,413.50","37,000.09",34.26M,0.76%,
"Sep 16, 2019","37,123.31","37,204.56","37,302.06","37,028.94",19.89M,-0.70%,
"Sep 17, 2019","36,481.09","37,169.46","37,169.56","36,419.09",20.49M,-1.73%,
"Sep 18, 2019","36,563.88","36,621.38","36,712.99","36,465.92",25.43M,0.23%,
"Sep 19, 2019","36,093.47","36,613.93","36,613.93","35,987.80",31.75M,-1.29%,
"Sep 20, 2019","38,014.62","36,214.92","38,378.02","36,085.74",61.03M,5.32%,
"Sep 23, 2019","39,090.03","38,844.00","39,441.12","38,674.04",56.15M,2.83%,
"Sep 24, 2019","39,097.14","39,135.28","39,306.37","38,913.06",30.60M,0.02%,
"Sep 25, 2019","38,593.52","39,087.20","39,087.20","38,510.97",28.78M,-1.29%,
"Sep 26, 2019","38,989.74","38,700.48","39,158.07","38,676.11",33.23M,1.03%,
"Sep 27, 2019","38,822.57","39,003.13","39,107.37","38,782.60",39.20M,-0.43%,
"Sep 30, 2019","38,667.33","38,873.12","38,873.12","38,401.09",49.01M,-0.40%,
"Oct 01, 2019","38,305.41","38,813.48","38,923.78","37,929.89",75.38M,-0.94%,
"Oct 03, 2019","38,106.87","38,137.87","38,310.93","37,957.56",59.17M,-0.52%,
"Oct 04, 2019","37,673.31","38,401.49","38,403.54","37,633.36",52.89M,-1.14%,
"Oct 07, 2019","37,531.98","37,853.80","37,919.47","37,480.53",40.41M,-0.38%,
"Oct 09, 2019","38,177.95","37,628.05","38,209.84","37,415.83",36.39M,1.72%,
"Oct 10, 2019","37,880.40","38,130.23","38,130.23","37,802.93",27.26M,-0.78%,
"Oct 11, 2019","38,127.08","37,994.48","38,345.41","37,737.85",39.38M,0.65%,
"Oct 14, 2019","38,214.47","38,208.24","38,513.69","38,066.13",28.53M,0.23%,
"Oct 15, 2019","38,506.09","38,316.49","38,635.19","38,238.27",26.23M,0.76%,
"Oct 16, 2019","38,598.99","38,637.05","38,666.38","38,416.67",27.52M,0.24%,
"Oct 17, 2019","39,052.06","38,647.44","39,104.69","38,557.43",47.10M,1.17%,
"Oct 18, 2019","39,298.38","39,087.83","39,361.06","38,963.60",42.37M,0.63%,
"Oct 22, 2019","38,963.84","39,233.40","39,426.47","38,924.85",54.47M,-0.85%,
"Oct 23, 2019","39,058.83","39,063.84","39,196.67","38,866.08",41.00M,0.24%,
"Oct 24, 2019","39,020.39","39,223.01","39,327.15","38,840.76",36.63M,-0.10%,
"Oct 25, 2019","39,058.06","39,201.67","39,241.61","38,718.27",48.57M,0.10%,
"Oct 29, 2019","39,831.84","39,293.49","39,917.01","39,254.12",50.52M,1.98%,
"Oct 30, 2019","40,051.87","40,055.63","40,178.12","39,805.11",37.24M,0.55%,
"Oct 31, 2019","40,129.05","40,211.99","40,392.22","40,054.89",87.85M,0.19%,
"Nov 01, 2019","40,165.03","40,196.07","40,283.30","40,014.23",56.98M,0.09%,
"Nov 04, 2019","40,301.96","40,293.85","40,483.21","40,186.29",62.56M,0.34%,
"Nov 05, 2019","40,248.23","40,445.67","40,466.55","40,053.55",45.38M,-0.13%,
"Nov 06, 2019","40,469.78","40,311.85","40,606.91","40,037.53",37.68M,0.55%,
"Nov 07, 2019","40,653.74","40,625.64","40,688.27","40,421.07",30.17M,0.45%,
"Nov 08, 2019","40,323.61","40,630.56","40,749.33","40,263.94",42.61M,-0.81%,
"Nov 11, 2019","40,345.08","40,316.50","40,417.44","40,150.97",29.53M,0.05%,
"Nov 13, 2019","40,116.06","40,346.43","40,447.17","40,061.23",37.71M,-0.57%,
"Nov 14, 2019","40,286.48","40,178.93","40,348.61","40,026.99",27.75M,0.42%,
"Nov 15, 2019","40,356.69","40,408.20","40,650.06","40,308.09",25.75M,0.17%,
"Nov 18, 2019","40,284.19","40,431.08","40,542.40","40,221.97",28.72M,-0.18%,
"Nov 19, 2019","40,469.70","40,455.36","40,544.13","40,290.21",39.07M,0.46%,
"Nov 20, 2019","40,651.64","40,729.80","40,816.38","40,575.96",32.31M,0.45%,
"Nov 21, 2019","40,575.17","40,737.31","40,744.85","40,534.12",21.78M,-0.19%,
"Nov 22, 2019","40,359.41","40,653.17","40,653.17","40,276.83",21.70M,-0.53%,
"Nov 25, 2019","40,889.23","40,439.66","40,931.71","40,393.90",28.56M,1.31%,
"Nov 26, 2019","40,821.30","41,022.85","41,120.28","40,710.20",32.81M,-0.17%,
"Nov 27, 2019","41,020.61","40,979.39","41,075.76","40,848.70",32.43M,0.49%,
"Nov 28, 2019","41,130.17","41,161.54","41,163.79","40,996.08",30.88M,0.27%,
"Nov 29, 2019","40,793.81","41,138.26","41,143.22","40,664.18",46.68M,-0.82%,
"Dec 02, 2019","40,802.17","41,072.94","41,093.99","40,707.63",39.79M,0.02%,
"Dec 03, 2019","40,675.45","40,852.61","40,885.03","40,554.04",33.70M,-0.31%,
"Dec 04, 2019","40,850.29","40,606.01","40,886.87","40,475.83",44.45M,0.43%,
"Dec 05, 2019","40,779.59","40,988.14","41,002.41","40,720.17",33.05M,-0.17%,
"Dec 06, 2019","40,445.15","40,952.13","40,952.13","40,337.53",33.06M,-0.82%,
"Dec 09, 2019","40,487.43","40,527.24","40,645.63","40,336.56",32.55M,0.10%,
"Dec 10, 2019","40,239.88","40,588.81","40,588.81","40,208.70",31.36M,-0.61%,
"Dec 11, 2019","40,412.57","40,285.20","40,466.13","40,135.37",55.53M,0.43%,
"Dec 12, 2019","40,581.71","40,561.34","40,712.65","40,490.69",41.32M,0.42%,
"Dec 13, 2019","41,009.71","40,754.82","41,055.80","40,736.70",27.87M,1.05%,
"Dec 16, 2019","40,938.72","41,168.85","41,185.03","40,917.93",21.64M,-0.17%,
"Dec 17, 2019","41,352.17","41,052.36","41,401.65","41,005.18",18.99M,1.01%,
"Dec 18, 2019","41,558.57","41,442.75","41,614.77","41,358.47",24.27M,0.50%,
"Dec 19, 2019","41,673.92","41,571.82","41,719.29","41,456.40",33.29M,0.28%,
"Dec 20, 2019","41,681.54","41,746.20","41,809.96","41,636.11",33.64M,0.02%,
"Dec 23, 2019","41,642.66","41,548.26","41,701.62","41,474.61",6.25M,-0.09%,
"Dec 24, 2019","41,461.26","41,684.51","41,702.98","41,423.07",4.36M,-0.44%,
"Dec 26, 2019","41,163.76","41,543.80","41,543.80","41,132.89",5.65M,-0.72%,
"Dec 27, 2019","41,575.14","41,297.08","41,611.27","41,264.92",6.11M,1.00%,
"Dec 30, 2019","41,558.00","41,686.27","41,714.73","41,453.38",5.74M,-0.04%,
"Dec 31, 2019","41,253.74","41,607.49","41,607.49","41,184.73",5.58M,-0.73%,
"Jan 01, 2020","41,306.02","41,349.36","41,443.52","41,251.18",4.68M,0.13%,
"Jan 02, 2020","41,626.64","41,340.27","41,649.29","41,328.45",5.25M,0.78%,
"Jan 03, 2020","41,464.61","41,634.51","41,636.18","41,348.68",8.88M,-0.39%,
"Jan 06, 2020","40,676.63","41,378.34","41,378.34","40,613.96",8.75M,-1.90%,
"Jan 07, 2020","40,869.47","40,983.04","41,230.14","40,727.37",11.87M,0.47%,
"Jan 08, 2020","40,817.74","40,574.83","40,866.36","40,476.55",18.20M,-0.13%,
"Jan 09, 2020","41,452.35","41,216.67","41,482.12","41,175.72",7.80M,1.55%,
"Jan 10, 2020","41,599.72","41,568.20","41,775.11","41,447.80",13.17M,0.36%,
"Jan 13, 2020","41,859.69","41,788.21","41,899.63","41,720.76",10.57M,0.62%,
"Jan 14, 2020","41,952.63","41,883.09","41,994.26","41,770.90",14.12M,0.22%,
"Jan 15, 2020","41,872.73","41,969.86","41,969.86","41,648.11",6.14M,-0.19%,
"Jan 16, 2020","41,932.56","41,924.74","42,059.45","41,812.28",6.59M,0.14%,
"Jan 17, 2020","41,945.37","41,929.02","42,063.93","41,850.29",9.45M,0.03%,
"Jan 20, 2020","41,528.91","42,263.00","42,273.87","41,503.37",7.53M,-0.99%,
"Jan 21, 2020","41,323.81","41,487.57","41,532.59","41,294.30",8.92M,-0.49%,
"Jan 22, 2020","41,115.38","41,467.13","41,532.29","41,059.04",7.66M,-0.50%,
"Jan 23, 2020","41,386.40","41,191.50","41,413.96","41,098.91",9.94M,0.66%,
"Jan 24, 2020","41,613.19","41,377.04","41,697.03","41,275.60",6.55M,0.55%,
"Jan 27, 2020","41,155.12","41,510.68","41,516.27","41,122.48",6.98M,-1.10%,
"Jan 28, 2020","40,966.86","41,299.68","41,333.25","40,869.75",9.85M,-0.46%,
"Jan 29, 2020","41,198.66","41,131.57","41,334.86","41,108.19",7.77M,0.57%,
"Jan 30, 2020","40,913.82","41,380.14","41,380.14","40,829.91",6.69M,-0.69%,
"Jan 31, 2020","40,723.49","41,146.56","41,154.49","40,671.01",11.52M,-0.47%,
"Feb 01, 2020","39,735.53","40,753.18","40,905.78","39,631.24",12.15M,-2.43%,
"Feb 03, 2020","39,872.31","39,701.02","40,014.90","39,563.07",10.55M,0.34%,
"Feb 04, 2020","40,789.38","40,178.74","40,818.94","40,117.46",15.33M,2.30%,
"Feb 05, 2020","41,142.66","40,921.71","41,177.00","40,703.32",13.88M,0.87%,
"Feb 06, 2020","41,306.03","41,209.13","41,405.43","41,113.11",15.00M,0.40%,
"Feb 07, 2020","41,141.85","41,394.41","41,394.41","41,073.36",15.33M,-0.40%,
"Feb 10, 2020","40,979.62","41,166.72","41,172.06","40,798.98",15.22M,-0.39%,
"Feb 11, 2020","41,216.14","41,183.39","41,444.34","41,179.14",7.68M,0.58%,
"Feb 12, 2020","41,565.90","41,330.85","41,671.86","41,330.85",9.55M,0.85%,
"Feb 13, 2020","41,459.79","41,707.21","41,709.30","41,338.31",9.12M,-0.26%,
"Feb 14, 2020","41,257.74","41,510.19","41,702.36","41,183.13",9.76M,-0.49%,
"Feb 17, 2020","41,055.69","41,324.04","41,420.34","41,030.58",6.86M,-0.49%,
"Feb 18, 2020","40,894.38","41,042.46","41,042.46","40,610.95",12.31M,-0.39%,
"Feb 19, 2020","41,323.00","41,121.51","41,357.16","41,048.93",5.60M,1.05%,
"Feb 20, 2020","41,170.12","41,334.96","41,399.93","41,134.31",8.39M,-0.37%,
"Feb 24, 2020","40,363.23","41,037.01","41,037.01","40,306.36",8.13M,-1.96%,
"Feb 25, 2020","40,281.20","40,497.72","40,536.00","40,220.59",7.26M,-0.20%,
"Feb 26, 2020","39,888.96","40,194.89","40,255.39","39,760.39",9.04M,-0.97%,
"Feb 27, 2020","39,745.66","39,947.80","39,947.80","39,423.27",9.58M,-0.36%,
"Feb 28, 2020","38,297.29","39,087.47","39,087.47","38,219.97",12.69M,-3.64%,
"Mar 02, 2020","38,144.02","38,910.95","39,083.17","37,785.99",13.39M,-0.40%,
"Mar 03, 2020","38,623.70","38,480.89","38,754.24","38,142.30",10.64M,1.26%,
"Mar 04, 2020","38,409.48","38,715.72","38,791.70","37,846.10",15.31M,-0.55%,
"Mar 05, 2020","38,470.61","38,604.25","38,887.80","38,386.68",13.50M,0.16%,
"Mar 06, 2020","37,576.62","37,613.96","37,747.07","37,011.09",18.97M,-2.32%,
"Mar 09, 2020","35,634.95","36,950.20","36,950.20","35,109.18",18.83M,-5.17%,
"Mar 11, 2020","35,697.40","35,468.90","36,021.51","35,261.92",27.85M,0.18%,
"Mar 12, 2020","32,778.14","34,472.50","34,472.50","32,493.10",25.15M,-8.18%,
"Mar 13, 2020","34,103.48","31,214.13","34,769.48","29,388.97",32.59M,4.04%,
"Mar 16, 2020","31,390.07","33,103.24","33,103.24","31,276.30",18.14M,-7.96%,
"Mar 17, 2020","30,579.09","31,611.57","32,047.98","30,394.94",21.53M,-2.58%,
"Mar 18, 2020","28,869.51","30,968.84","31,101.77","28,613.05",31.29M,-5.59%,
"Mar 19, 2020","28,288.23","27,773.36","29,370.53","26,714.46",33.15M,-2.01%,
"Mar 20, 2020","29,915.96","28,460.82","30,418.20","27,932.67",32.11M,5.75%,
"Mar 23, 2020","25,981.24","27,608.80","27,900.83","25,880.83",21.79M,-13.15%,
"Mar 24, 2020","26,674.03","27,056.23","27,462.87","25,638.90",24.68M,2.67%,
"Mar 25, 2020","28,535.78","26,499.81","28,790.19","26,359.91",141.50M,6.98%,
"Mar 26, 2020","29,946.77","29,073.71","30,099.91","28,566.34",35.01M,4.94%,
"Mar 27, 2020","29,815.59","30,747.81","31,126.03","29,346.99",116.92M,-0.44%,
"Mar 30, 2020","28,440.32","29,226.55","29,497.57","28,290.99",23.24M,-4.61%,
"Mar 31, 2020","29,468.49","29,294.94","29,770.88","28,667.36",26.40M,3.62%,
"Apr 01, 2020","28,265.31","29,505.33","29,505.98","28,073.43",18.00M,-4.08%,
"Apr 03, 2020","27,590.95","28,623.53","28,639.12","27,500.79",18.91M,-2.39%,
"Apr 07, 2020","30,067.21","28,898.36","30,157.65","28,602.31",21.87M,8.97%,
"Apr 08, 2020","29,893.96","29,701.92","31,227.97","29,602.94",24.70M,-0.58%,
"Apr 09, 2020","31,159.62","30,571.19","31,225.20","30,420.22",18.77M,4.23%,
"Apr 13, 2020","30,690.02","31,195.72","31,195.72","30,474.15",16.14M,-1.51%,
"Apr 15, 2020","30,379.81","31,277.11","31,568.36","30,222.07",23.62M,-1.01%,
"Apr 16, 2020","30,602.61","30,095.51","30,800.20","30,016.17",16.86M,0.73%,
"Apr 17, 2020","31,588.72","31,656.68","31,718.73","30,960.94",22.22M,3.22%,
"Apr 20, 2020","31,648.00","32,056.19","32,056.47","31,490.26",17.21M,0.19%,
"Apr 21, 2020","30,636.71","30,836.19","30,900.12","30,378.26",19.67M,-3.20%,
"Apr 22, 2020","31,379.55","30,856.14","31,471.14","30,578.55",21.04M,2.42%,
"Apr 23, 2020","31,863.08","31,646.45","31,959.02","31,292.92",24.37M,1.54%,
"Apr 24, 2020","31,327.22","31,426.62","31,842.24","31,278.27",17.57M,-1.68%,
"Apr 27, 2020","31,743.08","31,659.04","32,103.70","31,651.58",12.86M,1.33%,
"Apr 28, 2020","32,114.52","32,101.91","32,199.91","31,661.34",15.61M,1.17%,
"Apr 29, 2020","32,720.16","32,311.04","32,897.59","32,171.65",15.95M,1.89%,
"Apr 30, 2020","33,717.62","33,381.19","33,887.25","33,354.93",21.08M,3.05%,
"May 04, 2020","31,715.35","32,748.14","32,748.14","31,632.02",18.34M,-5.94%,
"May 05, 2020","31,453.51","32,182.90","32,264.00","31,403.57",19.17M,-0.83%,
"May 06, 2020","31,685.75","31,577.63","31,970.84","31,158.75",19.21M,0.74%,
"May 07, 2020","31,443.38","31,677.69","31,705.25","31,362.87",19.87M,-0.76%,
"May 08, 2020","31,642.70","32,083.32","32,088.51","31,598.00",15.87M,0.63%,
"May 11, 2020","31,561.22","32,030.34","32,301.58","31,500.87",18.07M,-0.26%,
"May 12, 2020","31,371.12","31,342.93","31,536.89","30,844.66",23.13M,-0.60%,
"May 13, 2020","32,008.61","32,841.87","32,845.48","31,901.92",18.42M,2.03%,
"May 14, 2020","31,122.89","31,466.33","31,630.94","31,052.65",15.20M,-2.77%,
"May 15, 2020","31,097.73","31,296.28","31,296.28","30,770.48",13.00M,-0.08%,
"May 18, 2020","30,028.98","31,248.26","31,248.26","29,968.45",19.47M,-3.44%,
"May 19, 2020","30,196.17","30,450.74","30,739.96","30,116.82",18.75M,0.56%,
"May 20, 2020","30,818.61","30,159.59","30,878.31","30,157.75",16.14M,2.06%,
"May 21, 2020","30,932.90","30,904.29","31,188.79","30,765.32",15.51M,0.37%,
"May 22, 2020","30,672.59","30,822.78","31,107.91","30,474.88",20.61M,-0.84%,
"May 26, 2020","30,609.30","30,864.27","31,086.70","30,512.14",188.28M,-0.21%,
"May 27, 2020","31,605.22","30,793.11","31,660.60","30,525.68",20.53M,3.25%,
"May 28, 2020","32,200.59","31,827.80","32,267.23","31,641.77",27.45M,1.88%,
"May 29, 2020","32,424.10","32,041.29","32,480.52","31,823.80",37.05M,0.69%,
"Jun 01, 2020","33,303.52","32,906.05","33,673.83","32,876.55",22.87M,2.71%,
"Jun 02, 2020","33,825.53","33,450.19","33,866.63","33,301.29",75.58M,1.57%,
"Jun 03, 2020","34,109.54","34,185.41","34,488.69","34,027.50",18.38M,0.84%,
"Jun 04, 2020","33,980.70","34,072.50","34,310.14","33,711.24",17.90M,-0.38%,
"Jun 05, 2020","34,287.24","34,198.55","34,405.43","33,958.02",24.63M,0.90%,
"Jun 08, 2020","34,370.58","34,841.17","34,927.80","34,211.83",25.68M,0.24%,
"Jun 09, 2020","33,956.69","34,520.79","34,811.29","33,881.19",19.24M,-1.20%,
"Jun 10, 2020","34,247.05","34,029.14","34,350.17","33,949.46",15.47M,0.86%,
"Jun 11, 2020","33,538.37","34,214.69","34,219.39","33,480.42",20.95M,-2.07%,
"Jun 12, 2020","33,780.89","32,436.69","33,856.27","32,348.10",23.04M,0.72%,
"Jun 15, 2020","33,228.80","33,670.55","33,670.55","32,923.74",18.37M,-1.63%,
"Jun 16, 2020","33,605.22","33,853.72","34,022.01","32,953.30",27.42M,1.13%,
"Jun 17, 2020","33,507.92","33,438.31","33,933.66","33,332.96",20.22M,-0.29%,
"Jun 18, 2020","34,208.05","33,371.52","34,276.01","33,371.52",21.22M,2.09%,
"Jun 19, 2020","34,731.73","34,335.38","34,848.37","34,136.39",27.85M,1.53%,
"Jun 22, 2020","34,911.32","34,892.03","35,213.52","34,794.40",25.11M,0.52%,
"Jun 23, 2020","35,430.43","35,015.73","35,482.16","34,843.69",25.21M,1.49%,
"Jun 24, 2020","34,868.98","35,679.74","35,706.55","34,794.93",26.64M,-1.58%,
"Jun 25, 2020","34,842.10","34,525.39","35,081.61","34,499.78",24.56M,-0.08%,
"Jun 26, 2020","35,171.27","35,144.78","35,254.88","34,910.34",24.78M,0.94%,
"Jun 29, 2020","34,961.52","34,926.95","35,032.36","34,662.06",18.33M,-0.60%,
"Jun 30, 2020","34,915.80","35,168.30","35,233.91","34,812.80",18.54M,-0.13%,
"Jul 01, 2020","35,414.45","35,009.59","35,467.23","34,927.20",19.38M,1.43%,
"Jul 02, 2020","35,843.70","35,604.00","36,014.92","35,595.36",20.63M,1.21%,
"Jul 03, 2020","36,021.42","36,025.38","36,110.21","35,872.38",16.45M,0.50%,
"Jul 06, 2020","36,487.28","36,313.46","36,661.66","36,254.02",22.28M,1.29%,
"Jul 07, 2020","36,674.52","36,660.35","36,723.27","36,271.09",20.65M,0.51%,
"Jul 08, 2020","36,329.01","36,738.38","36,828.43","36,234.17",24.84M,-0.94%,
"Jul 09, 2020","36,737.69","36,450.69","36,806.30","36,422.30",17.40M,1.12%,
"Jul 10, 2020","36,594.33","36,555.13","36,748.89","36,401.11",20.94M,-0.39%,
"Jul 13, 2020","36,693.69","36,880.66","37,024.20","36,533.96",16.50M,0.27%,
"Jul 14, 2020","36,033.06","36,517.28","36,538.10","35,877.42",14.10M,-1.80%,
"Jul 15, 2020","36,051.81","36,314.76","36,810.25","35,894.96",23.52M,0.05%,
"Jul 16, 2020","36,471.68","36,401.20","36,524.62","36,038.41",18.52M,1.16%,
"Jul 17, 2020","37,020.14","36,547.75","37,125.98","36,512.92",16.47M,1.50%,
"Jul 20, 2020","37,418.99","37,409.03","37,478.87","37,185.78",20.07M,1.08%,
"Jul 21, 2020","37,930.33","37,823.61","37,990.55","37,742.05",22.68M,1.37%,
"Jul 22, 2020","37,871.52","38,178.07","38,199.27","37,601.62",22.28M,-0.16%,
"Jul 23, 2020","38,140.47","37,814.92","38,225.03","37,738.59",19.65M,0.71%,
"Jul 24, 2020","38,128.90","37,949.59","38,235.73","37,748.41",19.89M,-0.03%,
"Jul 27, 2020","37,934.73","38,275.34","38,275.34","37,769.44",18.65M,-0.51%,
"Jul 28, 2020","38,492.95","38,052.18","38,554.72","37,998.13",15.46M,1.47%,
"Jul 29, 2020","38,071.13","38,427.15","38,617.03","37,884.41",17.55M,-1.10%,
"Jul 30, 2020","37,736.07","38,262.83","38,413.81","37,678.42",14.78M,-0.88%,
"Jul 31, 2020","37,606.89","37,847.88","37,897.78","37,431.68",20.24M,-0.34%,
"Aug 03, 2020","36,939.60","37,595.73","37,596.02","36,911.23",14.33M,-1.77%,
"Aug 04, 2020","37,687.91","37,092.86","37,745.60","36,987.73",15.05M,2.03%,
"Aug 05, 2020","37,663.33","37,892.36","38,139.96","37,550.60",19.75M,-0.07%,
"Aug 06, 2020","38,025.45","37,946.80","38,221.40","37,755.10",16.63M,0.96%,
"Aug 07, 2020","38,040.57","37,951.07","38,109.68","37,787.38",15.26M,0.04%,
"Aug 10, 2020","38,182.08","38,168.42","38,430.69","38,073.29",17.23M,0.37%,
"Aug 11, 2020","38,407.01","38,371.34","38,556.27","38,313.06",18.73M,0.59%,
"Aug 12, 2020","38,369.63","38,321.13","38,414.37","38,125.81",25.32M,-0.10%,
"Aug 13, 2020","38,310.49","38,456.64","38,516.85","38,215.05",15.39M,-0.15%,
"Aug 14, 2020","37,877.34","38,432.94","38,540.57","37,654.92",18.63M,-1.13%,
"Aug 17, 2020","38,050.78","38,062.07","38,119.38","37,734.14",21.52M,0.46%,
"Aug 18, 2020","38,528.32","38,084.70","38,571.23","38,062.01",13.61M,1.26%,
"Aug 19, 2020","38,614.79","38,727.89","38,788.51","38,550.65",12.76M,0.22%,
"Aug 20, 2020","38,220.39","38,283.90","38,402.45","38,155.78",15.82M,-1.02%,
"Aug 21, 2020","38,434.72","38,471.93","38,579.83","38,411.37",16.76M,0.56%,
"Aug 24, 2020","38,799.08","38,566.96","38,894.94","38,545.76",28.05M,0.95%,
"Aug 25, 2020","38,843.88","38,948.46","39,008.89","38,679.67",15.73M,0.12%,
"Aug 26, 2020","39,073.92","38,930.18","39,111.55","38,765.09",16.41M,0.59%,
"Aug 27, 2020","39,113.47","39,293.53","39,326.98","39,046.94",14.54M,0.10%,
"Aug 28, 2020","39,467.31","39,264.48","39,579.58","39,235.03",22.48M,0.90%,
"Aug 31, 2020","38,628.29","39,888.15","40,010.17","38,395.89",27.94M,-2.13%,
"Sep 01, 2020","38,900.80","38,754.00","39,226.82","38,542.11",22.03M,0.71%,
"Sep 02, 2020","39,086.03","38,892.64","39,141.84","38,736.22",17.13M,0.48%,
"Sep 03, 2020","38,990.94","39,165.80","39,236.36","38,943.43",9.19M,-0.24%,
"Sep 04, 2020","38,357.18","38,325.00","38,729.66","38,249.77",15.42M,-1.63%,
"Sep 07, 2020","38,417.23","38,284.78","38,519.92","38,060.74",12.51M,0.16%,
"Sep 08, 2020","38,365.35","38,498.07","38,746.48","38,275.45",11.95M,-0.14%,
"Sep 09, 2020","38,193.92","37,988.56","38,252.67","37,935.26",13.98M,-0.45%,
"Sep 10, 2020","38,840.32","38,516.88","38,878.25","38,367.07",16.46M,1.69%,
"Sep 11, 2020","38,854.55","38,865.17","38,978.52","38,711.80",11.38M,0.04%,
"Sep 14, 2020","38,756.63","39,073.51","39,230.16","38,573.17",14.71M,-0.25%,
"Sep 15, 2020","39,044.35","38,904.67","39,102.25","38,753.68",11.62M,0.74%,
"Sep 16, 2020","39,302.85","39,161.01","39,359.51","39,037.96",11.72M,0.66%,
"Sep 17, 2020","38,979.85","39,120.64","39,234.81","38,926.34",11.36M,-0.82%,
"Sep 18, 2020","38,845.82","39,200.42","39,200.42","38,635.73",14.25M,-0.34%,
"Sep 21, 2020","38,034.14","38,812.69","38,990.76","37,938.53",15.82M,-2.09%,
"Sep 22, 2020","37,734.08","38,200.71","38,209.97","37,531.14",15.32M,-0.79%,
"Sep 23, 2020","37,668.42","38,124.94","38,140.07","37,313.09",15.03M,-0.17%,
"Sep 24, 2020","36,553.60","37,282.18","37,304.26","36,495.98",13.87M,-2.96%,
"Sep 25, 2020","37,388.66","36,991.89","37,471.17","36,730.52",13.48M,2.28%,
"Sep 28, 2020","37,981.63","37,756.25","38,035.87","37,544.05",13.59M,1.59%,
"Sep 29, 2020","37,973.22","38,176.86","38,235.94","37,831.35",10.63M,-0.02%,
"Sep 30, 2020","38,067.93","38,068.89","38,236.34","37,828.11",18.43M,0.25%,
"Oct 01, 2020","38,697.05","38,410.20","38,738.89","38,410.20",12.91M,1.65%,
"Oct 05, 2020","38,973.70","38,956.78","39,263.85","38,819.89",15.48M,0.71%,
"Oct 06, 2020","39,574.57","39,336.34","39,623.76","39,191.10",11.27M,1.54%,
"Oct 07, 2020","39,878.95","39,633.19","39,968.04","39,450.82",15.02M,0.77%,
"Oct 08, 2020","40,182.67","40,204.32","40,468.88","40,062.23",14.38M,0.76%,
"Oct 09, 2020","40,509.49","40,226.25","40,585.36","40,066.54",16.60M,0.81%,
"Oct 12, 2020","40,593.80","40,716.95","40,905.49","40,387.40",17.59M,0.21%,
"Oct 13, 2020","40,625.51","40,592.54","40,786.82","40,461.97",11.05M,0.08%,
"Oct 14, 2020","40,794.74","40,623.19","40,880.25","40,279.55",15.02M,0.42%,
"Oct 15, 2020","39,728.41","41,048.05","41,048.05","39,667.47",30.39M,-2.61%,
"Oct 16, 2020","39,982.98","39,936.61","40,125.71","39,699.42",10.96M,0.64%,
"Oct 19, 2020","40,431.60","40,318.57","40,519.48","40,211.22",12.25M,1.12%,
"Oct 20, 2020","40,544.37","40,420.29","40,732.01","40,305.59",12.09M,0.28%,
"Oct 21, 2020","40,707.31","40,767.14","40,976.02","40,150.48",16.74M,0.40%,
"Oct 22, 2020","40,558.49","40,531.31","40,721.57","40,309.05",13.93M,-0.37%,
"Oct 23, 2020","40,685.50","40,728.39","40,811.12","40,590.90",12.40M,0.31%,
"Oct 26, 2020","40,145.50","40,649.76","40,724.40","39,948.29",10.09M,-1.33%,
"Oct 27, 2020","40,522.10","40,199.08","40,555.60","39,978.39",13.90M,0.94%,
"Oct 28, 2020","39,922.46","40,664.35","40,664.35","39,774.60",29.43M,-1.48%,
"Oct 29, 2020","39,749.85","39,537.17","40,010.83","39,524.25",19.51M,-0.43%,
"Oct 30, 2020","39,614.07","39,779.82","39,988.25","39,241.87",12.05M,-0.34%,
"Nov 02, 2020","39,757.58","39,880.38","39,968.03","39,334.92",15.35M,0.36%,
"Nov 03, 2020","40,261.13","39,990.75","40,354.73","39,952.79",21.35M,1.27%,
"Nov 04, 2020","40,616.14","40,171.71","40,693.51","40,076.47",20.88M,0.88%,
"Nov 05, 2020","41,340.16","41,112.12","41,370.91","41,030.17",42.63M,1.78%,
"Nov 06, 2020","41,893.06","41,438.76","41,954.93","41,383.29",18.96M,1.34%,
"Nov 09, 2020","42,597.43","42,273.97","42,645.33","42,263.64",24.30M,1.68%,
"Nov 10, 2020","43,277.65","42,959.25","43,316.44","42,660.09",28.70M,1.60%,
"Nov 11, 2020","43,593.67","43,444.06","43,708.47","42,970.21",30.34M,0.73%,
"Nov 12, 2020","43,357.19","43,291.89","43,543.96","43,127.55",14.47M,-0.54%,
"Nov 13, 2020","43,443.00","43,298.92","43,522.25","43,053.37",24.38M,0.20%,
"Nov 14, 2020","43,637.98","43,815.45","43,830.93","43,535.77",3.30M,0.45%,
"Nov 17, 2020","43,952.71","44,095.85","44,161.16","43,699.22",20.90M,0.72%,
"Nov 18, 2020","44,180.05","43,978.58","44,215.49","43,785.78",18.26M,0.52%,
"Nov 19, 2020","43,599.96","43,902.24","44,230.00","43,518.11",24.14M,-1.31%,
"Nov 20, 2020","43,882.25","43,732.14","44,013.02","43,453.75",17.12M,0.65%,
"Nov 23, 2020","44,077.15","44,164.17","44,271.15","43,747.22",17.80M,0.44%,
"Nov 24, 2020","44,523.02","44,341.19","44,601.63","44,247.12",17.94M,1.01%,
"Nov 25, 2020","43,828.10","44,749.73","44,825.37","43,757.97",19.15M,-1.56%,
"Nov 26, 2020","44,259.74","43,967.59","44,361.78","43,582.40",14.61M,0.98%,
"Nov 27, 2020","44,149.72","44,325.03","44,407.28","43,995.41",15.75M,-0.25%,
"Dec 01, 2020","44,655.44","44,435.83","44,730.79","44,118.10",16.03M,1.15%,
"Dec 02, 2020","44,618.04","44,729.52","44,729.64","44,169.97",16.02M,-0.08%,
"Dec 03, 2020","44,632.65","44,902.02","44,953.01","44,551.42",30.67M,0.03%,
"Dec 04, 2020","45,079.55","44,665.91","45,148.28","44,665.91",27.64M,1.00%,
"Dec 07, 2020","45,426.97","45,099.92","45,458.92","45,024.47",18.69M,0.77%,
"Dec 08, 2020","45,608.51","45,568.80","45,742.23","45,335.17",18.21M,0.40%,
"Dec 09, 2020","46,103.50","45,891.04","46,164.10","45,792.01",20.68M,1.09%,
"Dec 10, 2020","45,959.88","45,999.42","46,043.97","45,685.87",12.73M,-0.31%,
"Dec 11, 2020","46,099.01","46,060.32","46,309.63","45,706.22",26.25M,0.30%,
"Dec 14, 2020","46,253.46","46,284.70","46,373.34","45,951.53",18.42M,0.34%,
"Dec 15, 2020","46,263.17","46,287.39","46,350.30","45,841.67",16.39M,0.02%,
"Dec 16, 2020","46,666.46","46,573.31","46,704.97","46,402.20",13.14M,0.87%,
"Dec 17, 2020","46,890.34","46,774.32","46,992.57","46,627.60",17.22M,0.48%,
"Dec 18, 2020","46,960.69","47,026.02","47,026.02","46,630.31",12.80M,0.15%,
"Dec 21, 2020","45,553.96","46,932.18","47,055.69","44,923.08",24.39M,-3.00%,
"Dec 22, 2020","46,006.69","45,529.61","46,080.18","45,112.19",25.08M,0.99%,
"Dec 23, 2020","46,444.18","46,072.30","46,513.32","45,899.10",10.47M,0.95%,
"Dec 24, 2020","46,973.54","46,743.49","47,053.40","46,539.02",13.71M,1.14%,
"Dec 28, 2020","47,353.75","47,153.59","47,406.72","47,148.24",9.59M,0.81%,
"Dec 29, 2020","47,613.08","47,466.62","47,714.55","47,361.90",12.76M,0.55%,
"Dec 30, 2020","47,746.22","47,789.03","47,807.85","47,358.36",15.63M,0.28%,
,,,,,,,
